set,lvl,end,start,diff,stimulus,ptcp,accuracy
1,0,4066,3574,3.69924812030075,3,1,0
1,1,6460,5982,3.59398496240602,3,1,0
1,2,10420,9970,3.38345864661654,3,1,0
1,3,12976,12404,4.30075187969925,2,1,0
1,4,16008,15408,4.51127819548872,1,1,0
1,5,18750,18290,3.45864661654135,1,1,0
1,6,21300,20818,3.62406015037594,3,1,0
1,7,24106,23660,3.35338345864662,3,1,0
1,8,26540,26115,3.19548872180451,2,1,0
1,10,35205,34753,3.3984962406015,2,1,0
1,11,37968,37500,3.5187969924812,2,1,0
1,12,40927,40429,3.74436090225564,3,1,0
1,13,43811,43358,3.40601503759398,3,1,0
1,14,46302,45877,3.19548872180451,2,1,0
1,15,48520,48079,3.31578947368421,1,1,0
1,16,51336,50898,3.29323308270677,1,1,1
1,17,53925,53487,3.29323308270677,1,1,0
1,18,58859,58402,3.43609022556391,1,1,0
1,19,62155,61723,3.24812030075188,2,1,0
1,20,64805,64365,3.30827067669173,3,1,0
1,21,67106,66674,3.24812030075188,3,1,0
1,22,70343,69896,3.3609022556391,1,1,0
1,23,72882,72444,3.29323308270677,1,1,0
1,25,85033,84575,3.44360902255639,2,1,0
1,26,87708,87237,3.54135338345865,2,1,1
1,27,91866,91421,3.34586466165414,1,1,0
1,28,94662,94225,3.28571428571429,1,1,0
1,29,96808,96363,3.34586466165414,3,1,0
1,30,98990,98502,3.66917293233083,2,1,0
1,31,101156,100712,3.33834586466165,3,1,0
1,32,103359,102892,3.51127819548872,3,1,1
1,33,105785,105348,3.28571428571429,2,1,0
1,34,108541,108096,3.34586466165414,2,1,1
2,0,117995,117565,3.23308270676692,2,1,0
2,1,121729,121279,3.38345864661654,1,1,1
2,2,123849,123408,3.31578947368421,1,1,0
2,3,126609,126177,3.24812030075188,3,1,0
2,4,128816,128374,3.32330827067669,1,1,0
2,5,131263,130827,3.2781954887218,3,1,0
2,6,133561,133131,3.23308270676692,2,1,0
2,7,135806,135371,3.27067669172932,2,1,0
2,8,137890,137463,3.21052631578947,3,1,0
2,9,141327,140892,3.27067669172932,3,1,0
2,10,143544,143112,3.24812030075188,2,1,0
2,11,145806,145368,3.29323308270677,3,1,0
2,12,148024,147589,3.27067669172932,1,1,0
2,13,151214,150786,3.21804511278195,1,1,0
2,14,153550,153114,3.2781954887218,3,1,0
2,15,156450,156016,3.26315789473684,2,1,0
2,16,159073,158638,3.27067669172932,2,1,0
2,17,161698,161267,3.2406015037594,1,1,0
2,18,163941,163503,3.29323308270677,2,1,0
2,19,166151,165716,3.27067669172932,1,1,0
2,20,168589,168159,3.23308270676692,1,1,0
2,21,171467,171003,3.48872180451128,2,1,1
2,22,175360,174915,3.34586466165414,3,1,0
2,23,178019,177590,3.22556390977444,1,1,0
2,24,181002,180575,3.21052631578947,2,1,0
2,25,183210,182776,3.26315789473684,1,1,0
2,26,185517,185077,3.30827067669173,3,1,0
2,27,188631,188199,3.24812030075188,3,1,0
2,28,191191,190746,3.34586466165414,2,1,0
2,29,194030,193600,3.23308270676692,2,1,0
2,30,196560,196127,3.25563909774436,3,1,0
2,31,199044,198613,3.2406015037594,3,1,0
2,32,202294,201860,3.26315789473684,1,1,0
2,33,204838,204402,3.2781954887218,3,1,0
2,34,207231,206793,3.29323308270677,1,1,0
3,0,212083,211639,3.33834586466165,2,1,0
3,1,214154,213707,3.3609022556391,3,1,0
3,2,217197,216756,3.31578947368421,1,1,0
3,3,219437,219003,3.26315789473684,3,1,0
3,4,221905,221455,3.38345864661654,3,1,0
3,5,224113,223662,3.39097744360902,1,1,0
3,6,226680,226247,3.25563909774436,3,1,0
3,7,229274,228843,3.2406015037594,3,1,0
3,8,232301,231862,3.30075187969925,1,1,0
3,9,234396,233968,3.21804511278195,1,1,0
3,10,237286,236848,3.29323308270677,2,1,0
3,11,240214,239765,3.37593984962406,2,1,0
3,12,243063,242635,3.21804511278195,3,1,0
3,13,245215,244777,3.29323308270677,2,1,0
3,14,248738,248308,3.23308270676692,1,1,0
3,15,254199,253765,3.26315789473684,3,1,0
3,16,256699,256267,3.24812030075188,3,1,0
3,17,258911,258474,3.28571428571429,2,1,0
3,18,261288,260854,3.26315789473684,3,1,0
3,19,264201,263776,3.19548872180451,1,1,0
3,20,266618,266171,3.3609022556391,1,1,0
3,21,268807,268366,3.31578947368421,2,1,0
3,22,271035,270600,3.27067669172932,2,1,0
3,23,273463,273031,3.24812030075188,3,1,0
3,24,275909,275461,3.36842105263158,1,1,0
3,25,278562,278124,3.29323308270677,3,1,0
3,26,281169,280739,3.23308270676692,2,1,0
3,27,284122,283686,3.2781954887218,2,1,0
3,28,286762,286329,3.25563909774436,1,1,0
3,29,289245,288810,3.27067669172932,2,1,0
3,30,291442,291011,3.2406015037594,1,1,0
3,31,293488,293056,3.24812030075188,2,1,0
3,32,295706,295266,3.30827067669173,1,1,0
3,33,297810,297372,3.29323308270677,3,1,0
3,34,300498,300057,3.31578947368421,1,1,0
1,0,3233,2625,4.57142857142857,3,2,0
1,1,7632,7040,4.45112781954887,1,2,0
1,2,11601,10908,5.21052631578947,3,2,0
1,3,14978,14389,4.42857142857143,1,2,1
1,4,17973,17312,4.96992481203007,2,2,0
1,5,20924,20285,4.80451127819549,3,2,0
1,6,23317,22702,4.62406015037594,1,2,0
1,7,25697,25154,4.08270676691729,1,2,0
1,8,29488,28748,5.56390977443609,3,2,1
1,9,35619,34973,4.85714285714286,1,2,0
1,10,38513,37912,4.5187969924812,3,2,0
1,11,42085,41492,4.45864661654135,1,2,0
1,12,44739,44221,3.89473684210526,1,2,0
1,13,47113,46592,3.91729323308271,1,2,0
1,14,50586,50048,4.04511278195489,2,2,0
1,15,52781,52266,3.87218045112782,2,2,0
1,16,58090,57585,3.79699248120301,2,2,0
1,17,60239,59760,3.6015037593985,3,2,0
1,18,62813,62376,3.28571428571429,3,2,0
1,19,65379,64852,3.96240601503759,2,2,0
1,20,67822,67378,3.33834586466165,2,2,0
1,21,70742,70292,3.38345864661654,3,2,0
1,22,74816,74347,3.52631578947368,3,2,0
1,23,77681,77051,4.73684210526316,3,2,1
1,24,79926,79461,3.49624060150376,2,2,0
1,25,82668,82174,3.71428571428571,1,2,0
1,26,85327,84823,3.78947368421053,2,2,1
1,27,87491,87046,3.34586466165414,2,2,0
1,28,90199,89633,4.25563909774436,3,2,0
1,29,92872,92341,3.99248120300752,3,2,1
1,30,95266,94661,4.54887218045113,1,2,0
1,31,103406,102872,4.01503759398496,1,2,0
1,32,106105,105644,3.46616541353383,1,2,0
1,33,108391,107946,3.34586466165414,2,2,0
1,34,110864,110359,3.79699248120301,2,2,0
2,0,115453,114997,3.42857142857143,3,2,0
2,1,118031,117482,4.12781954887218,2,2,1
2,2,120137,119699,3.29323308270677,2,2,0
2,3,122768,122257,3.84210526315789,3,2,0
2,4,125325,124884,3.31578947368421,3,2,0
2,5,127615,127123,3.69924812030075,2,2,0
2,6,133855,133401,3.41353383458647,2,2,0
2,7,136355,135918,3.28571428571429,2,2,0
2,8,138595,138139,3.42857142857143,1,2,0
2,9,140731,140292,3.30075187969925,1,2,0
2,10,143220,142769,3.39097744360902,2,2,0
2,11,145948,145449,3.75187969924812,3,2,0
2,12,148131,147698,3.25563909774436,3,2,0
2,13,150342,149893,3.37593984962406,3,2,0
2,14,152563,152113,3.38345864661654,3,2,0
2,15,154871,154438,3.25563909774436,3,2,0
2,16,157069,156622,3.3609022556391,1,2,0
2,17,159397,158965,3.24812030075188,2,2,0
2,18,161534,161096,3.29323308270677,1,2,0
2,19,166238,165808,3.23308270676692,1,2,0
2,20,168528,168096,3.24812030075188,1,2,0
2,21,171125,170690,3.27067669172932,1,2,0
2,22,173939,173440,3.75187969924812,2,2,0
2,23,178175,177700,3.57142857142857,2,2,0
2,25,191229,190799,3.23308270676692,1,2,0
2,26,195332,194757,4.32330827067669,1,2,0
2,27,197665,197044,4.66917293233083,3,2,0
2,28,200278,199524,5.66917293233083,2,2,1
2,29,205499,204950,4.12781954887218,1,2,0
2,30,207976,207524,3.3984962406015,2,2,0
2,31,210211,209774,3.28571428571429,1,2,0
2,32,212467,211994,3.55639097744361,3,2,0
2,33,214741,214229,3.84962406015038,1,2,0
2,34,217109,216367,5.57894736842105,3,2,0
3,0,222178,221724,3.41353383458647,2,2,0
3,1,224547,224118,3.22556390977444,2,2,0
3,2,226681,226251,3.23308270676692,1,2,0
3,3,228899,228474,3.19548872180451,1,2,0
3,4,231028,230597,3.2406015037594,3,2,0
3,5,233251,232796,3.42105263157895,1,2,0
3,6,235440,235009,3.2406015037594,1,2,0
3,9,243587,243132,3.42105263157895,2,2,0
3,10,245884,245450,3.26315789473684,2,2,0
3,11,248040,247612,3.21804511278195,1,2,0
3,14,262029,261573,3.42857142857143,3,2,0
3,15,265193,264763,3.23308270676692,2,2,0
3,16,267325,266902,3.18045112781955,2,2,0
3,17,269368,268937,3.2406015037594,1,2,0
3,18,271661,271196,3.49624060150376,3,2,0
3,19,274358,273886,3.54887218045113,3,2,0
3,20,276587,276164,3.18045112781955,2,2,0
3,21,278645,278215,3.23308270676692,1,2,0
3,22,281369,280940,3.22556390977444,2,2,0
3,23,283804,283370,3.26315789473684,3,2,0
3,24,289706,289278,3.21804511278195,2,2,0
3,25,292052,291622,3.23308270676692,3,2,0
3,26,294269,293839,3.23308270676692,2,2,0
3,27,296437,295992,3.34586466165414,1,2,0
3,28,298533,298098,3.27067669172932,3,2,0
3,29,301161,300726,3.27067669172932,1,2,0
3,30,303968,303537,3.2406015037594,1,2,1
3,31,306191,305760,3.2406015037594,3,2,0
3,32,308418,307934,3.6390977443609,3,2,0
3,33,315092,314662,3.23308270676692,3,2,0
3,34,317567,317128,3.30075187969925,3,2,0
1,1,7116,6590,3.95488721804511,1,3,0
1,2,10052,9286,5.7593984962406,2,3,0
1,3,12664,11968,5.23308270676692,3,3,0
1,4,15375,14671,5.29323308270677,1,3,0
1,5,17906,17246,4.96240601503759,2,3,0
1,6,20701,20243,3.44360902255639,1,3,0
1,7,23262,22805,3.43609022556391,3,3,0
1,8,25796,25029,5.76691729323308,3,3,0
1,9,28146,27674,3.54887218045113,2,3,0
1,10,30352,29817,4.02255639097744,1,3,0
1,11,33138,32652,3.65413533834586,3,3,0
1,12,35267,34837,3.23308270676692,3,3,0
1,13,38076,37597,3.6015037593985,2,3,0
1,15,50227,49573,4.91729323308271,1,3,0
1,16,53559,53089,3.53383458646617,3,3,0
1,17,56922,56338,4.39097744360902,1,3,0
1,18,59235,58684,4.14285714285714,1,3,0
1,19,62338,61747,4.44360902255639,3,3,0
1,20,67836,67210,4.70676691729323,3,3,0
1,21,71080,70440,4.81203007518797,1,3,0
1,22,74045,73315,5.48872180451128,1,3,0
1,23,77486,76884,4.52631578947368,3,3,0
1,24,87946,87430,3.8796992481203,2,3,0
1,26,95595,94992,4.53383458646617,2,3,0
1,27,97804,97258,4.10526315789474,2,3,0
1,28,100356,99816,4.06015037593985,1,3,0
1,29,102809,102342,3.51127819548872,2,3,0
1,31,114245,113704,4.06766917293233,1,3,0
1,32,116555,115996,4.20300751879699,2,3,0
1,33,119122,118600,3.92481203007519,3,3,0
1,34,121652,121109,4.08270676691729,2,3,1
2,0,131392,130863,3.97744360902256,3,3,0
2,1,133595,133141,3.41353383458647,1,3,0
2,2,136046,135545,3.76691729323308,1,3,0
2,3,138448,137955,3.70676691729323,3,3,0
2,4,141116,140649,3.51127819548872,3,3,0
2,5,143338,142913,3.19548872180451,1,3,0
2,6,145681,145212,3.52631578947368,1,3,0
2,7,148154,147693,3.46616541353383,3,3,0
2,8,151322,150876,3.35338345864662,2,3,0
2,9,153970,153511,3.45112781954887,1,3,0
2,10,157760,157305,3.42105263157895,3,3,0
2,12,165075,164603,3.54887218045113,3,3,0
2,13,167525,166983,4.07518796992481,2,3,0
2,14,170891,170323,4.27067669172932,2,3,0
2,15,173123,172678,3.34586466165414,2,3,0
2,16,175893,175453,3.30827067669173,3,3,0
2,17,178410,177930,3.60902255639098,3,3,0
2,18,181086,180651,3.27067669172932,1,3,0
2,19,183305,182869,3.2781954887218,2,3,0
2,20,186004,185539,3.49624060150376,1,3,0
2,21,188557,188078,3.6015037593985,3,3,0
2,22,191062,190545,3.88721804511278,2,3,0
2,23,193840,193183,4.93984962406015,3,3,0
2,24,201143,200713,3.23308270676692,2,3,0
2,25,203810,203054,5.68421052631579,1,3,0
2,26,206088,205628,3.45864661654135,3,3,0
2,27,208261,207798,3.4812030075188,2,3,0
2,28,211051,210268,5.88721804511278,3,3,0
2,29,213240,212759,3.61654135338346,2,3,0
2,30,215669,215238,3.2406015037594,1,3,0
2,31,218000,217556,3.33834586466165,2,3,0
2,32,220456,219914,4.07518796992481,1,3,0
2,33,222558,222105,3.40601503759398,1,3,0
2,34,225156,224431,5.45112781954887,1,3,0
3,0,232879,232431,3.36842105263158,3,3,0
3,1,235234,234764,3.53383458646617,3,3,0
3,2,237636,237169,3.51127819548872,3,3,0
3,3,239899,239472,3.21052631578947,3,3,0
3,4,242514,241986,3.96992481203007,2,3,0
3,5,244704,244226,3.59398496240602,2,3,0
3,6,246800,246358,3.32330827067669,2,3,0
3,7,249228,248803,3.19548872180451,3,3,0
3,8,251646,251161,3.64661654135338,2,3,0
3,9,253784,253339,3.34586466165414,3,3,0
3,10,255989,255526,3.4812030075188,1,3,0
3,11,258433,258003,3.23308270676692,3,3,0
3,12,261474,261040,3.26315789473684,2,3,0
3,13,263667,263235,3.24812030075188,1,3,0
3,14,266020,265588,3.24812030075188,1,3,0
3,15,268292,267860,3.24812030075188,2,3,0
3,16,270527,270091,3.2781954887218,1,3,0
3,17,273006,272215,5.94736842105263,3,3,0
3,18,275558,275131,3.21052631578947,1,3,0
3,19,277771,277348,3.18045112781955,2,3,0
3,20,281892,281288,4.54135338345865,1,3,0
3,21,285581,285149,3.24812030075188,3,3,0
3,22,287877,287389,3.66917293233083,1,3,0
3,23,290293,289660,4.7593984962406,2,3,0
3,24,292528,292086,3.32330827067669,2,3,0
3,26,298230,297774,3.42857142857143,2,3,0
3,28,303153,302726,3.21052631578947,2,3,0
3,29,305722,305230,3.69924812030075,1,3,0
3,30,308016,307510,3.80451127819549,2,3,0
3,31,310405,309975,3.23308270676692,1,3,0
3,32,312480,312056,3.18796992481203,3,3,0
3,33,314811,314371,3.30827067669173,1,3,0
3,34,317075,316558,3.88721804511278,3,3,0
1,0,2679,2176,3.78195488721805,3,4,0
1,1,5388,4837,4.14285714285714,2,4,0
1,2,8007,7430,4.33834586466165,1,4,0
1,3,10544,10105,3.30075187969925,1,4,0
1,4,13357,12876,3.61654135338346,1,4,0
1,5,16375,15859,3.8796992481203,2,4,0
1,6,18848,18302,4.10526315789474,3,4,0
1,7,21011,20547,3.48872180451128,3,4,0
1,9,26765,26243,3.92481203007519,2,4,0
1,10,29317,28807,3.83458646616541,2,4,0
1,11,31842,31366,3.57894736842105,1,4,0
1,12,34008,33575,3.25563909774436,3,4,0
1,13,36615,36142,3.55639097744361,2,4,0
1,14,38836,38358,3.59398496240602,1,4,0
1,16,44900,44471,3.22556390977444,1,4,0
1,17,47291,46805,3.65413533834586,1,4,0
1,18,49694,49105,4.42857142857143,3,4,0
1,19,52018,51590,3.21804511278195,3,4,0
1,21,60383,59944,3.30075187969925,3,4,0
1,22,62813,62383,3.23308270676692,3,4,0
1,23,64943,64467,3.57894736842105,3,4,0
1,24,67172,66726,3.35338345864662,2,4,0
1,25,69560,69133,3.21052631578947,1,4,0
1,26,71835,71328,3.81203007518797,2,4,0
1,27,74252,73775,3.58646616541353,1,4,0
1,28,76610,76177,3.25563909774436,1,4,0
1,30,83894,83355,4.05263157894737,3,4,0
1,31,86074,85632,3.32330827067669,2,4,0
1,32,88675,87990,5.15037593984962,3,4,0
1,33,91137,90605,4,3,4,0
2,0,108469,108034,3.27067669172932,1,4,0
2,2,113663,113164,3.75187969924812,1,4,0
2,3,115833,115342,3.69172932330827,1,4,0
2,4,118239,117542,5.2406015037594,2,4,0
2,5,120471,119955,3.8796992481203,1,4,1
2,6,122981,122379,4.52631578947368,3,4,0
2,7,125199,124678,3.91729323308271,2,4,0
2,8,127406,126915,3.69172932330827,1,4,1
2,10,134007,133447,4.21052631578947,1,4,0
2,11,136370,135851,3.90225563909774,3,4,0
2,12,138829,138353,3.57894736842105,3,4,0
2,13,140976,140487,3.67669172932331,2,4,0
2,14,143146,142645,3.76691729323308,2,4,0
2,15,145454,144933,3.91729323308271,3,4,1
2,17,150147,149661,3.65413533834586,1,4,0
2,18,152370,151839,3.99248120300752,3,4,0
2,19,154681,154202,3.6015037593985,2,4,0
2,20,157003,156505,3.74436090225564,3,4,0
2,21,159268,158765,3.78195488721805,2,4,0
2,23,169264,168774,3.68421052631579,3,4,0
2,24,171442,170953,3.67669172932331,1,4,0
2,25,174208,173757,3.39097744360902,1,4,0
2,26,176430,175905,3.94736842105263,1,4,0
2,27,178723,178208,3.87218045112782,3,4,0
2,28,181092,180573,3.90225563909774,3,4,1
2,29,183560,183078,3.62406015037594,2,4,0
2,30,185759,185300,3.45112781954887,2,4,0
2,31,189250,188762,3.66917293233083,3,4,0
2,32,191546,191044,3.77443609022556,1,4,0
2,33,193799,193289,3.83458646616541,3,4,0
2,34,195979,195487,3.69924812030075,3,4,0
3,0,206528,206072,3.42857142857143,3,4,0
3,1,208815,208347,3.5187969924812,1,4,0
3,2,210957,210522,3.27067669172932,2,4,0
3,3,213221,212790,3.2406015037594,3,4,0
3,4,215451,214925,3.95488721804511,3,4,0
3,5,217589,217140,3.37593984962406,3,4,0
3,6,219794,219348,3.35338345864662,3,4,0
3,7,221919,221484,3.27067669172932,3,4,0
3,8,224123,223688,3.27067669172932,2,4,0
3,9,226322,225887,3.27067669172932,1,4,0
3,10,228516,228088,3.21804511278195,1,4,0
3,11,230925,230406,3.90225563909774,3,4,0
3,12,233251,232735,3.8796992481203,1,4,0
3,13,235368,234921,3.3609022556391,2,4,0
3,14,237590,237136,3.41353383458647,2,4,0
3,15,240239,239804,3.27067669172932,1,4,0
3,16,242948,242516,3.24812030075188,2,4,0
3,17,245068,244635,3.25563909774436,2,4,0
3,18,247627,247189,3.29323308270677,1,4,0
3,19,249840,249398,3.32330827067669,2,4,0
3,20,252093,251663,3.23308270676692,3,4,0
3,21,254823,254297,3.95488721804511,2,4,0
3,23,259783,259333,3.38345864661654,3,4,0
3,24,262026,261586,3.30827067669173,3,4,1
3,25,264656,264222,3.26315789473684,1,4,0
3,26,266972,266540,3.24812030075188,1,4,0
3,28,273357,272923,3.26315789473684,3,4,0
3,29,275911,275480,3.2406015037594,3,4,0
3,30,279669,279235,3.26315789473684,2,4,0
3,31,282294,281811,3.63157894736842,1,4,0
3,32,284596,284068,3.96992481203007,2,4,0
3,33,286971,286497,3.56390977443609,3,4,0
3,34,289157,288724,3.25563909774436,1,4,0
1,0,2255,1824,3.2406015037594,3,5,0
1,1,4355,3920,3.27067669172932,2,5,0
1,3,10253,9825,3.21804511278195,1,5,0
1,4,12643,12219,3.18796992481203,3,5,0
1,5,15157,14723,3.26315789473684,2,5,0
1,6,17468,17042,3.20300751879699,3,5,0
1,7,19593,19164,3.22556390977444,3,5,0
1,8,21749,21321,3.21804511278195,3,5,0
1,10,28392,27969,3.18045112781955,1,5,0
1,11,30998,30519,3.6015037593985,1,5,0
1,12,33368,32944,3.18796992481203,2,5,0
1,13,35896,35481,3.1203007518797,2,5,0
1,14,37973,37538,3.27067669172932,1,5,0
1,15,40135,39613,3.92481203007519,1,5,0
1,16,42457,42019,3.29323308270677,1,5,0
1,17,45576,45139,3.28571428571429,2,5,0
1,18,47754,47303,3.39097744360902,3,5,1
1,19,50953,50529,3.18796992481203,3,5,0
1,20,53225,52795,3.23308270676692,1,5,0
1,21,56184,55416,5.77443609022556,1,5,1
1,22,63099,62664,3.27067669172932,2,5,0
1,23,65329,64902,3.21052631578947,3,5,0
1,24,67635,67147,3.66917293233083,2,5,0
1,25,71132,70670,3.47368421052632,2,5,0
1,26,73351,72903,3.36842105263158,3,5,1
1,28,81179,80737,3.32330827067669,3,5,0
1,29,85293,84845,3.36842105263158,3,5,0
1,30,88763,88321,3.32330827067669,1,5,1
1,31,92574,91784,5.93984962406015,2,5,0
1,32,95997,95548,3.37593984962406,2,5,0
1,33,100847,100390,3.43609022556391,2,5,0
1,34,105290,104846,3.33834586466165,2,5,0
2,0,111136,110682,3.41353383458647,1,5,0
2,1,113435,112998,3.28571428571429,3,5,1
2,2,115783,115351,3.24812030075188,3,5,0
2,3,118671,118212,3.45112781954887,2,5,0
2,4,121309,120880,3.22556390977444,1,5,0
2,6,127545,127082,3.4812030075188,3,5,0
2,7,129832,129316,3.8796992481203,3,5,0
2,8,132372,131936,3.2781954887218,1,5,0
2,9,134491,134047,3.33834586466165,3,5,0
2,10,136552,136114,3.29323308270677,2,5,0
2,11,138646,138204,3.32330827067669,1,5,0
2,12,140859,140283,4.33082706766917,2,5,0
2,13,143116,142680,3.2781954887218,2,5,0
2,14,145308,144861,3.3609022556391,2,5,1
2,15,147387,146952,3.27067669172932,3,5,0
2,16,149606,149182,3.18796992481203,1,5,0
2,17,151824,151385,3.30075187969925,1,5,0
2,18,154046,153618,3.21804511278195,1,5,0
2,20,159426,158982,3.33834586466165,1,5,0
2,21,162257,161828,3.22556390977444,2,5,0
2,22,164524,164084,3.30827067669173,3,5,0
2,23,166767,166329,3.29323308270677,2,5,0
2,24,168825,168391,3.26315789473684,2,5,0
2,25,171130,170694,3.2781954887218,2,5,0
2,26,173486,173026,3.45864661654135,3,5,0
2,27,175729,175294,3.27067669172932,1,5,0
2,28,178098,177654,3.33834586466165,2,5,0
2,29,180644,180203,3.31578947368421,3,5,0
2,30,182749,182309,3.30827067669173,2,5,0
2,31,185789,185356,3.25563909774436,1,5,0
2,32,188084,187651,3.25563909774436,3,5,0
2,33,190429,189989,3.30827067669173,2,5,0
3,0,201390,200956,3.26315789473684,2,5,0
3,1,203995,203563,3.24812030075188,3,5,0
3,2,206893,206459,3.26315789473684,1,5,0
3,3,209086,208647,3.30075187969925,1,5,0
3,4,211536,211102,3.26315789473684,1,5,0
3,5,213726,213289,3.28571428571429,1,5,0
3,6,216617,216180,3.28571428571429,1,5,0
3,8,224810,224380,3.23308270676692,3,5,0
3,9,227076,226639,3.28571428571429,2,5,0
3,10,229464,229010,3.41353383458647,2,5,0
3,11,234750,234277,3.55639097744361,1,5,1
3,12,236961,236522,3.30075187969925,3,5,0
3,14,243778,243347,3.2406015037594,1,5,0
3,15,245968,245538,3.23308270676692,3,5,0
3,16,248222,247790,3.24812030075188,1,5,0
3,17,250415,249980,3.27067669172932,3,5,0
3,18,252648,252215,3.25563909774436,3,5,0
3,19,254960,254513,3.3609022556391,3,5,0
3,20,257086,256648,3.29323308270677,2,5,0
3,21,259146,258718,3.21804511278195,2,5,0
3,22,261290,260857,3.25563909774436,2,5,0
3,23,263510,263075,3.27067669172932,3,5,0
3,24,265653,265227,3.20300751879699,2,5,0
3,25,268063,267622,3.31578947368421,1,5,0
3,26,270382,269954,3.21804511278195,3,5,0
3,27,272563,272114,3.37593984962406,2,5,0
3,28,274690,274260,3.23308270676692,3,5,0
3,29,276899,276464,3.27067669172932,3,5,0
3,30,279120,278681,3.30075187969925,1,5,0
3,31,281404,280975,3.22556390977444,1,5,0
3,32,283465,283037,3.21804511278195,2,5,0
3,33,285704,285274,3.23308270676692,2,5,0
3,34,287891,287454,3.28571428571429,2,5,0
1,0,3011,2283,5.47368421052632,1,6,0
1,2,9251,8678,4.30827067669173,2,6,0
1,3,12130,11685,3.34586466165414,1,6,0
1,4,15280,14750,3.98496240601504,3,6,0
1,5,18887,18431,3.42857142857143,2,6,0
1,6,22865,22365,3.7593984962406,3,6,0
1,7,26333,25841,3.69924812030075,2,6,1
1,8,30114,29635,3.6015037593985,3,6,0
1,9,33857,33410,3.3609022556391,3,6,1
1,12,47048,46521,3.96240601503759,2,6,0
1,13,50902,50212,5.18796992481203,2,6,0
1,14,53825,53362,3.4812030075188,1,6,1
1,15,58410,57815,4.47368421052632,3,6,0
1,16,61900,61303,4.48872180451128,3,6,0
1,17,65056,64545,3.84210526315789,3,6,0
1,19,75382,74852,3.98496240601504,2,6,0
1,20,77994,77516,3.59398496240602,1,6,0
1,22,91308,90865,3.33082706766917,1,6,0
1,23,93797,93361,3.2781954887218,3,6,0
1,24,96031,95588,3.33082706766917,1,6,0
1,25,99022,98587,3.27067669172932,1,6,0
1,26,102110,101669,3.31578947368421,3,6,0
1,27,105988,105552,3.2781954887218,1,6,0
1,28,109183,108751,3.24812030075188,1,6,0
1,29,111302,110875,3.21052631578947,1,6,0
1,30,114688,114230,3.44360902255639,3,6,0
1,31,118678,118155,3.93233082706767,1,6,1
1,32,125099,124655,3.33834586466165,1,6,0
1,33,128548,128108,3.30827067669173,2,6,0
1,34,132019,131589,3.23308270676692,2,6,0
2,1,142069,141633,3.2781954887218,1,6,0
2,2,144454,144022,3.24812030075188,3,6,0
2,3,147450,147017,3.25563909774436,3,6,0
2,4,151101,150419,5.12781954887218,2,6,0
2,5,154165,153719,3.35338345864662,3,6,0
2,6,156280,155817,3.4812030075188,2,6,0
2,7,159524,159064,3.45864661654135,1,6,0
2,8,163314,162881,3.25563909774436,3,6,0
2,9,166346,165915,3.2406015037594,3,6,0
2,10,169925,169492,3.25563909774436,2,6,0
2,11,174611,174176,3.27067669172932,1,6,0
2,12,179607,179175,3.24812030075188,1,6,0
2,13,182098,181667,3.2406015037594,3,6,0
2,14,184900,184464,3.2781954887218,2,6,0
2,15,187576,186988,4.42105263157895,2,6,0
2,16,190018,189510,3.81954887218045,2,6,1
2,17,192958,192516,3.32330827067669,2,6,0
2,18,198100,197311,5.93233082706767,3,6,0
2,19,200522,200080,3.32330827067669,1,6,0
2,22,225462,225026,3.2781954887218,1,6,0
2,23,228027,227588,3.30075187969925,2,6,0
2,24,230463,230038,3.19548872180451,2,6,0
2,25,232695,232264,3.2406015037594,3,6,0
2,26,235104,234659,3.34586466165414,3,6,0
2,28,241121,240694,3.21052631578947,3,6,0
2,29,245770,245345,3.19548872180451,3,6,0
2,30,248641,248214,3.21052631578947,1,6,0
2,31,251605,251170,3.27067669172932,1,6,0
2,33,260032,259608,3.18796992481203,1,6,0
2,34,262706,262265,3.31578947368421,1,6,0
3,0,267607,267175,3.24812030075188,2,6,0
3,2,275796,275363,3.25563909774436,3,6,0
3,3,280498,280068,3.23308270676692,1,6,0
3,4,284456,284029,3.21052631578947,1,6,0
3,5,287407,286980,3.21052631578947,1,6,0
3,6,292599,292089,3.83458646616541,3,6,0
3,7,296964,296504,3.45864661654135,3,6,0
3,8,301121,300692,3.22556390977444,3,6,0
3,9,304636,304140,3.72932330827068,3,6,0
3,10,307647,307217,3.23308270676692,2,6,0
3,11,311895,311464,3.2406015037594,1,6,0
3,12,314666,314216,3.38345864661654,2,6,0
3,13,317679,317045,4.76691729323308,1,6,0
3,14,325402,324977,3.19548872180451,3,6,0
3,15,328448,328026,3.17293233082707,2,6,0
3,16,330628,330201,3.21052631578947,1,6,0
3,17,335246,334815,3.2406015037594,1,6,0
3,18,337987,337509,3.59398496240602,2,6,0
3,19,340278,339852,3.20300751879699,3,6,0
3,20,344166,343719,3.3609022556391,3,6,0
3,21,349257,348836,3.16541353383459,2,6,0
3,22,351568,351135,3.25563909774436,3,6,0
3,23,353695,353250,3.34586466165414,3,6,0
3,24,357410,356986,3.18796992481203,3,6,0
3,25,361603,361178,3.19548872180451,1,6,0
3,26,364625,364198,3.21052631578947,2,6,0
3,27,369280,368763,3.88721804511278,1,6,0
3,28,371606,371187,3.15037593984962,2,6,0
3,29,373724,373304,3.15789473684211,2,6,0
3,31,381608,381174,3.26315789473684,2,6,0
3,32,383751,383313,3.29323308270677,1,6,0
3,33,386253,385822,3.2406015037594,1,6,0
3,34,388758,388330,3.21804511278195,2,6,0
1,0,2866,2436,3.23308270676692,3,7,0
1,1,5804,5364,3.30827067669173,3,7,0
1,2,8501,8070,3.2406015037594,3,7,0
1,3,10782,10346,3.2781954887218,1,7,0
1,4,13173,12730,3.33082706766917,2,7,0
1,5,16030,15590,3.30827067669173,3,7,0
1,6,18454,18021,3.25563909774436,2,7,0
1,7,21595,21135,3.45864661654135,3,7,0
1,8,25034,24598,3.2781954887218,2,7,0
1,9,27501,27072,3.22556390977444,3,7,0
1,10,30004,29570,3.26315789473684,1,7,0
1,11,32555,32124,3.2406015037594,1,7,0
1,12,35856,35418,3.29323308270677,1,7,0
1,13,38557,38125,3.24812030075188,3,7,0
1,15,46286,45851,3.27067669172932,2,7,0
1,16,48549,48117,3.24812030075188,2,7,0
1,17,51763,51335,3.21804511278195,1,7,0
1,18,54401,53954,3.3609022556391,3,7,0
1,19,57290,56858,3.24812030075188,1,7,0
1,21,70784,70352,3.24812030075188,2,7,0
1,22,73761,73325,3.2781954887218,1,7,0
1,23,75934,75504,3.23308270676692,3,7,0
1,24,78314,77883,3.2406015037594,1,7,0
1,26,88864,88432,3.24812030075188,2,7,0
1,27,91399,90966,3.25563909774436,1,7,0
1,28,98029,97342,5.16541353383459,3,7,1
1,29,100349,99917,3.24812030075188,2,7,0
1,30,103402,102969,3.25563909774436,1,7,0
1,31,106096,105666,3.23308270676692,1,7,0
1,32,108895,108462,3.25563909774436,2,7,0
1,33,111702,111272,3.23308270676692,3,7,0
2,0,126925,126490,3.27067669172932,3,7,0
2,1,129322,128889,3.25563909774436,3,7,0
2,2,131382,130950,3.24812030075188,3,7,0
2,3,133595,133163,3.24812030075188,1,7,0
2,4,135792,135351,3.31578947368421,2,7,0
2,5,138206,137775,3.2406015037594,3,7,0
2,6,140372,139939,3.25563909774436,1,7,0
2,7,142515,142082,3.25563909774436,2,7,0
2,8,144772,144345,3.21052631578947,1,7,0
2,9,146980,146548,3.24812030075188,1,7,0
2,10,149184,148754,3.23308270676692,3,7,0
2,11,151343,150883,3.45864661654135,2,7,1
2,12,154181,153746,3.27067669172932,2,7,0
2,13,156225,155792,3.25563909774436,2,7,0
2,15,161521,161091,3.23308270676692,2,7,0
2,16,163573,163137,3.2781954887218,2,7,0
2,17,165676,165241,3.27067669172932,3,7,0
2,18,167737,167313,3.18796992481203,2,7,0
2,19,170218,169795,3.18045112781955,2,7,0
2,20,173304,172875,3.22556390977444,3,7,1
2,22,178166,177739,3.21052631578947,1,7,0
2,23,180307,179876,3.2406015037594,1,7,0
2,24,182789,182363,3.20300751879699,2,7,0
2,25,185016,184596,3.15789473684211,1,7,0
2,26,187325,186906,3.15037593984962,3,7,0
2,27,189351,188928,3.18045112781955,3,7,0
2,28,191437,191008,3.22556390977444,1,7,0
2,29,193538,193087,3.39097744360902,2,7,0
2,30,196240,195814,3.20300751879699,3,7,0
2,31,198329,197904,3.19548872180451,1,7,0
2,32,200419,199999,3.15789473684211,1,7,0
2,34,206331,205878,3.40601503759398,1,7,1
3,0,211554,211129,3.19548872180451,3,7,0
3,1,213666,213242,3.18796992481203,1,7,0
3,2,215910,215484,3.20300751879699,1,7,0
3,3,218114,217686,3.21804511278195,2,7,0
3,4,220367,219940,3.21052631578947,3,7,0
3,5,222498,222057,3.31578947368421,2,7,0
3,6,224550,224115,3.27067669172932,2,7,0
3,7,226639,226213,3.20300751879699,1,7,0
3,8,228756,228334,3.17293233082707,1,7,0
3,9,230795,230371,3.18796992481203,2,7,0
3,10,232894,232470,3.18796992481203,3,7,0
3,11,235057,234633,3.18796992481203,1,7,0
3,13,240735,240311,3.18796992481203,2,7,0
3,14,243016,242589,3.21052631578947,1,7,0
3,15,245189,244764,3.19548872180451,3,7,0
3,16,247412,246990,3.17293233082707,3,7,0
3,17,249600,249169,3.2406015037594,1,7,0
3,18,251768,251334,3.26315789473684,2,7,0
3,20,256645,256219,3.20300751879699,2,7,0
3,21,258889,258460,3.22556390977444,3,7,0
3,22,260934,260513,3.16541353383459,3,7,0
3,23,263515,263088,3.21052631578947,3,7,0
3,24,266072,265651,3.16541353383459,1,7,0
3,25,268899,268473,3.20300751879699,3,7,0
3,26,272043,271616,3.21052631578947,3,7,0
3,27,274596,274167,3.22556390977444,1,7,0
3,28,277183,276759,3.18796992481203,3,7,0
3,29,279460,279032,3.21804511278195,3,7,0
3,30,281856,281433,3.18045112781955,1,7,0
3,31,284188,283532,4.93233082706767,1,7,1
3,32,286506,286078,3.21804511278195,2,7,0
3,33,288671,288235,3.2781954887218,2,7,0
3,34,290928,290506,3.17293233082707,2,7,0
1,0,3209,2699,3.83458646616541,1,8,0
1,1,5549,5051,3.74436090225564,3,8,0
1,2,7992,7407,4.3984962406015,3,8,0
1,3,10402,9908,3.71428571428571,1,8,0
1,4,12717,12154,4.23308270676692,2,8,0
1,5,14945,14423,3.92481203007519,2,8,0
1,6,17116,16686,3.23308270676692,1,8,0
1,7,19279,18825,3.41353383458647,3,8,0
1,8,21361,20933,3.21804511278195,2,8,0
1,9,23536,23100,3.2781954887218,2,8,0
1,10,25685,25258,3.21052631578947,2,8,0
1,11,27854,27380,3.56390977443609,2,8,0
1,12,29957,29513,3.33834586466165,3,8,0
1,13,32129,31689,3.30827067669173,2,8,0
1,14,34460,34025,3.27067669172932,2,8,0
1,15,36573,36109,3.48872180451128,1,8,0
1,16,38823,38381,3.32330827067669,1,8,0
1,17,41372,40940,3.24812030075188,3,8,0
1,18,43621,43197,3.18796992481203,1,8,0
1,19,45768,45342,3.20300751879699,3,8,0
1,20,48018,47591,3.21052631578947,2,8,0
1,21,50167,49654,3.85714285714286,2,8,0
1,22,52368,51941,3.21052631578947,3,8,0
1,24,61468,61017,3.39097744360902,3,8,0
1,25,63706,63279,3.21052631578947,3,8,0
1,26,65845,65401,3.33834586466165,1,8,0
1,27,68013,67546,3.51127819548872,2,8,0
1,28,70207,69773,3.26315789473684,2,8,0
1,29,72315,71886,3.22556390977444,1,8,0
1,31,77482,76905,4.33834586466165,3,8,0
1,32,79594,79158,3.2781954887218,1,8,0
1,33,81803,81379,3.18796992481203,1,8,0
1,34,83850,83423,3.21052631578947,3,8,0
2,0,88669,88224,3.34586466165414,1,8,0
2,1,92982,92520,3.47368421052632,2,8,0
2,3,100649,100093,4.18045112781955,3,8,0
2,4,107820,107382,3.29323308270677,2,8,0
2,5,109981,109556,3.19548872180451,3,8,0
2,6,112126,111696,3.23308270676692,2,8,0
2,7,114303,113863,3.30827067669173,1,8,0
2,8,116367,115914,3.40601503759398,2,8,0
2,9,118527,118057,3.53383458646617,3,8,0
2,10,120661,120232,3.22556390977444,2,8,0
2,11,122766,122305,3.46616541353383,3,8,0
2,13,127988,127546,3.32330827067669,1,8,0
2,14,130110,129673,3.28571428571429,2,8,0
2,15,132274,131793,3.61654135338346,1,8,0
2,16,134444,134019,3.19548872180451,1,8,0
2,17,136637,136202,3.27067669172932,1,8,0
2,18,138775,138341,3.26315789473684,3,8,0
2,20,144072,143643,3.22556390977444,2,8,0
2,21,146201,145653,4.1203007518797,1,8,0
2,22,151307,150623,5.14285714285714,3,8,0
2,23,153447,153018,3.22556390977444,3,8,0
2,24,155565,155137,3.21804511278195,1,8,0
2,26,160473,160051,3.17293233082707,3,8,0
2,27,164827,164279,4.1203007518797,1,8,0
2,28,166861,166431,3.23308270676692,2,8,0
2,29,175460,175016,3.33834586466165,2,8,0
2,30,177704,177272,3.24812030075188,2,8,0
2,31,181722,181286,3.2781954887218,2,8,0
2,32,183822,183386,3.2781954887218,2,8,0
2,33,185938,185506,3.24812030075188,3,8,0
3,0,194637,194206,3.2406015037594,1,8,0
3,1,196681,196252,3.22556390977444,2,8,0
3,2,198778,198331,3.3609022556391,1,8,0
3,3,200900,200468,3.24812030075188,1,8,0
3,4,203578,203149,3.22556390977444,1,8,0
3,5,206668,206238,3.23308270676692,3,8,0
3,6,208826,208368,3.44360902255639,2,8,0
3,7,210977,210547,3.23308270676692,1,8,0
3,8,213101,212673,3.21804511278195,3,8,0
3,9,215218,214732,3.65413533834586,1,8,0
3,10,217483,217052,3.2406015037594,3,8,0
3,11,219547,219116,3.2406015037594,2,8,0
3,12,223608,223178,3.23308270676692,3,8,0
3,14,230154,229670,3.6390977443609,2,8,0
3,16,237609,237151,3.44360902255639,2,8,0
3,17,239845,239381,3.48872180451128,1,8,0
3,18,242035,241553,3.62406015037594,3,8,1
3,19,244496,243975,3.91729323308271,1,8,0
3,20,246720,246285,3.27067669172932,2,8,0
3,21,248898,248397,3.76691729323308,2,8,1
3,22,251297,250773,3.93984962406015,2,8,0
3,23,253737,253065,5.05263157894737,3,8,0
3,24,255904,255447,3.43609022556391,3,8,0
3,25,258179,257734,3.34586466165414,3,8,0
3,26,260272,259840,3.24812030075188,2,8,0
3,27,262665,262170,3.7218045112782,3,8,0
3,28,266691,266093,4.49624060150376,1,8,0
3,29,268868,268398,3.53383458646617,3,8,0
3,30,270921,270487,3.26315789473684,3,8,0
3,31,277970,277541,3.22556390977444,2,8,0
3,32,280182,279753,3.22556390977444,1,8,0
3,33,282280,281839,3.31578947368421,2,8,0
3,34,284457,284030,3.21052631578947,3,8,0
1,0,4331,3894,3.28571428571429,1,9,0
1,1,6844,6410,3.26315789473684,1,9,0
1,2,9008,8584,3.18796992481203,2,9,0
1,3,11614,11155,3.45112781954887,1,9,0
1,4,18022,17583,3.30075187969925,1,9,0
1,5,27359,26648,5.34586466165414,1,9,0
1,6,29745,29321,3.18796992481203,2,9,0
1,7,32047,31548,3.75187969924812,2,9,0
1,8,34212,33770,3.32330827067669,2,9,0
1,11,45220,44790,3.23308270676692,1,9,0
1,12,47649,47125,3.93984962406015,1,9,0
1,14,63941,63442,3.75187969924812,3,9,0
1,15,66059,65631,3.21804511278195,2,9,0
1,16,68312,67831,3.61654135338346,2,9,0
1,17,70515,70069,3.35338345864662,1,9,0
1,19,76684,76260,3.18796992481203,2,9,0
1,20,79281,78520,5.7218045112782,3,9,0
1,21,81526,81077,3.37593984962406,3,9,0
1,22,83871,83294,4.33834586466165,2,9,0
1,23,86035,85583,3.3984962406015,3,9,0
1,24,90290,89866,3.18796992481203,3,9,0
1,26,100739,100247,3.69924812030075,3,9,1
1,28,105685,105162,3.93233082706767,3,9,0
1,29,109017,108590,3.21052631578947,2,9,0
1,30,121879,121312,4.26315789473684,1,9,0
1,31,124254,123701,4.15789473684211,2,9,0
1,32,126660,125994,5.00751879699248,2,9,0
1,33,128968,128438,3.98496240601504,1,9,0
1,34,131268,130747,3.91729323308271,2,9,0
2,0,136252,135759,3.70676691729323,3,9,0
2,1,138604,138056,4.1203007518797,2,9,0
2,2,140841,140414,3.21052631578947,1,9,0
2,5,153675,153242,3.25563909774436,1,9,0
2,6,156500,156083,3.13533834586466,1,9,0
2,7,158817,158377,3.30827067669173,3,9,0
2,8,160994,160568,3.20300751879699,1,9,0
2,9,163346,162747,4.50375939849624,3,9,0
2,12,172746,172329,3.13533834586466,2,9,0
2,13,181047,180624,3.18045112781955,1,9,0
2,14,183227,182771,3.42857142857143,2,9,0
2,19,204650,204194,3.42857142857143,3,9,0
2,20,213019,212441,4.34586466165414,1,9,0
2,21,217051,216616,3.27067669172932,3,9,0
2,22,220118,219593,3.94736842105263,3,9,0
2,23,223947,223452,3.7218045112782,2,9,0
2,24,226288,225855,3.25563909774436,1,9,0
2,25,228620,228142,3.59398496240602,3,9,0
2,26,232906,232315,4.44360902255639,2,9,0
2,27,235246,234813,3.25563909774436,2,9,0
2,28,239465,238941,3.93984962406015,3,9,0
2,29,241640,241207,3.25563909774436,2,9,0
2,30,244064,243628,3.2781954887218,2,9,0
2,31,250318,249882,3.2781954887218,2,9,0
2,32,258121,257690,3.2406015037594,1,9,0
2,33,262253,261824,3.22556390977444,1,9,0
2,34,266461,266025,3.2781954887218,3,9,0
3,0,275711,275285,3.20300751879699,3,9,0
3,1,277841,277409,3.24812030075188,3,9,0
3,2,279972,279540,3.24812030075188,1,9,0
3,3,282148,281712,3.2781954887218,2,9,0
3,4,284748,284312,3.2781954887218,3,9,0
3,5,288360,287929,3.2406015037594,3,9,0
3,6,292762,292304,3.44360902255639,1,9,0
3,7,295071,294638,3.25563909774436,1,9,0
3,8,298687,298254,3.25563909774436,2,9,0
3,9,306296,305863,3.25563909774436,3,9,0
3,10,308557,308137,3.15789473684211,1,9,0
3,11,310681,310257,3.18796992481203,1,9,0
3,12,312790,312358,3.24812030075188,1,9,0
3,13,315304,314873,3.2406015037594,2,9,0
3,14,319599,319174,3.19548872180451,2,9,0
3,15,325638,325193,3.34586466165414,1,9,0
3,16,330614,330167,3.3609022556391,2,9,0
3,17,333071,332634,3.28571428571429,2,9,0
3,18,335138,334710,3.21804511278195,1,9,0
3,19,337342,336910,3.24812030075188,2,9,0
3,20,339867,339432,3.27067669172932,3,9,0
3,21,342138,341704,3.26315789473684,2,9,0
3,22,344487,344053,3.26315789473684,1,9,0
3,23,346671,346234,3.28571428571429,1,9,0
3,24,349302,348808,3.71428571428571,3,9,0
3,25,351512,351080,3.24812030075188,2,9,0
3,26,353925,353492,3.25563909774436,3,9,0
3,27,356941,356512,3.22556390977444,3,9,0
3,28,359091,358653,3.29323308270677,2,9,0
3,29,361642,361204,3.29323308270677,3,9,0
3,30,363986,363556,3.23308270676692,2,9,0
3,31,366326,365890,3.2781954887218,2,9,0
3,32,368616,368182,3.26315789473684,1,9,0
3,33,371320,370874,3.35338345864662,3,9,0
3,34,373510,373076,3.26315789473684,1,9,0
1,0,5233,4436,5.99248120300752,3,10,0
1,1,7564,6962,4.52631578947368,2,10,0
1,2,9790,9185,4.54887218045113,3,10,0
1,3,12343,11729,4.61654135338346,2,10,0
1,4,14810,14208,4.52631578947368,1,10,0
1,5,17126,16544,4.37593984962406,3,10,0
1,7,24566,23950,4.63157894736842,3,10,0
1,9,30446,29829,4.6390977443609,2,10,0
1,10,33562,32894,5.02255639097744,3,10,0
1,12,50424,49817,4.56390977443609,3,10,0
1,13,52715,52071,4.84210526315789,1,10,0
1,14,55090,54378,5.35338345864662,1,10,0
1,15,57943,57377,4.25563909774436,2,10,0
1,16,60719,60125,4.46616541353383,2,10,0
1,17,63073,62466,4.56390977443609,1,10,0
1,18,65392,64770,4.67669172932331,2,10,0
1,19,67768,67143,4.69924812030075,1,10,1
1,20,71279,70601,5.09774436090226,1,10,0
1,21,73543,72982,4.21804511278195,2,10,0
1,22,75920,75218,5.2781954887218,3,10,0
1,23,78485,77892,4.45864661654135,3,10,0
1,24,80739,80164,4.32330827067669,1,10,0
1,25,82965,82365,4.51127819548872,3,10,0
1,26,85174,84591,4.38345864661654,2,10,0
1,27,87384,86885,3.75187969924812,1,10,0
1,28,89583,89033,4.13533834586466,2,10,0
1,29,92068,91570,3.74436090225564,3,10,0
1,30,94551,93997,4.16541353383459,1,10,0
1,31,96730,96209,3.91729323308271,2,10,0
1,32,99115,98599,3.8796992481203,3,10,0
1,33,101378,100810,4.27067669172932,1,10,0
1,34,103887,103400,3.66165413533835,1,10,0
2,0,109160,108449,5.34586466165414,3,10,0
2,2,115916,115395,3.91729323308271,2,10,0
2,3,118475,117798,5.09022556390977,1,10,1
2,4,121090,120574,3.8796992481203,3,10,0
2,5,124427,123753,5.06766917293233,2,10,0
2,6,127609,126993,4.63157894736842,3,10,0
2,7,130019,129226,5.96240601503759,1,10,0
2,8,136416,135750,5.00751879699248,2,10,0
2,9,138804,138360,3.33834586466165,1,10,0
2,10,141170,140600,4.28571428571429,2,10,0
2,11,143415,142891,3.93984962406015,3,10,0
2,12,145684,145129,4.17293233082707,3,10,1
2,13,148339,147756,4.38345864661654,2,10,0
2,14,151621,151062,4.20300751879699,1,10,0
2,15,153843,153261,4.37593984962406,1,10,0
2,16,156146,155622,3.93984962406015,1,10,0
2,17,158768,158244,3.93984962406015,2,10,0
2,19,166115,165609,3.80451127819549,3,10,0
2,20,168508,167950,4.19548872180451,3,10,0
2,21,170949,170423,3.95488721804511,3,10,0
2,22,173262,172727,4.02255639097744,3,10,0
2,23,175609,175110,3.75187969924812,3,10,0
2,24,177744,177220,3.93984962406015,1,10,0
2,26,184894,184364,3.98496240601504,1,10,0
2,27,187486,187015,3.54135338345865,1,10,0
2,28,189709,189196,3.85714285714286,3,10,0
2,29,191958,191435,3.93233082706767,2,10,0
2,30,194311,193724,4.41353383458647,3,10,0
2,31,196533,196026,3.81203007518797,2,10,0
2,32,198761,198214,4.11278195488722,1,10,0
2,33,201195,200555,4.81203007518797,2,10,0
2,34,203370,202874,3.72932330827068,2,10,0
3,0,208095,207570,3.94736842105263,1,10,0
3,1,210358,209840,3.89473684210526,3,10,0
3,3,217309,216765,4.09022556390977,2,10,0
3,4,219580,218995,4.3984962406015,3,10,0
3,5,221828,221391,3.28571428571429,2,10,0
3,6,224039,223518,3.91729323308271,2,10,0
3,7,226359,225789,4.28571428571429,1,10,0
3,8,228668,228113,4.17293233082707,3,10,0
3,9,230841,230346,3.7218045112782,2,10,0
3,10,232939,232458,3.61654135338346,2,10,0
3,11,235154,234678,3.57894736842105,3,10,0
3,12,237259,236790,3.52631578947368,1,10,0
3,13,239489,238987,3.77443609022556,3,10,0
3,14,243358,242726,4.75187969924812,3,10,0
3,15,245520,245076,3.33834586466165,3,10,0
3,16,248762,248225,4.03759398496241,3,10,0
3,17,250897,250429,3.5187969924812,1,10,0
3,18,253699,253258,3.31578947368421,2,10,0
3,19,255897,255395,3.77443609022556,2,10,0
3,20,258366,257897,3.52631578947368,1,10,0
3,21,261043,260610,3.25563909774436,2,10,0
3,22,263366,262702,4.99248120300752,2,10,0
3,23,266376,265928,3.36842105263158,3,10,0
3,24,268592,268153,3.30075187969925,1,10,0
3,25,270801,270273,3.96992481203007,3,10,0
3,26,272891,272443,3.36842105263158,2,10,0
3,27,274936,274498,3.29323308270677,1,10,0
3,28,277220,276733,3.66165413533835,1,10,0
3,29,279477,278978,3.75187969924812,1,10,0
3,30,281641,281197,3.33834586466165,1,10,0
3,31,283955,283399,4.18045112781955,3,10,0
3,32,286218,285768,3.38345864661654,3,10,0
3,33,288486,288029,3.43609022556391,1,10,0
3,34,290637,290204,3.25563909774436,2,10,0
1,0,4548,4064,3.6390977443609,1,11,0
1,1,6884,6341,4.08270676691729,1,11,0
1,2,9305,8747,4.19548872180451,2,11,0
1,3,12217,11757,3.45864661654135,3,11,0
1,4,14535,14067,3.5187969924812,2,11,0
1,5,17170,16726,3.33834586466165,1,11,0
1,6,19544,19068,3.57894736842105,3,11,0
1,7,22136,21697,3.30075187969925,1,11,0
1,10,37398,36896,3.77443609022556,1,11,0
1,12,43004,42575,3.22556390977444,2,11,0
1,14,48796,48375,3.16541353383459,3,11,0
1,16,54062,53529,4.00751879699248,2,11,0
1,17,56851,56399,3.3984962406015,1,11,0
1,18,59109,58687,3.17293233082707,2,11,0
1,19,61809,61224,4.3984962406015,2,11,0
1,20,64296,63867,3.22556390977444,2,11,0
1,21,67028,66612,3.12781954887218,3,11,0
1,22,69162,68740,3.17293233082707,2,11,0
1,23,71493,71055,3.29323308270677,3,11,0
1,24,74668,74169,3.75187969924812,1,11,0
1,25,80063,79632,3.2406015037594,1,11,0
1,26,82123,81702,3.16541353383459,2,11,0
1,27,84328,83897,3.2406015037594,3,11,0
1,28,86585,86124,3.46616541353383,3,11,0
1,29,88776,88319,3.43609022556391,1,11,0
1,30,92121,91650,3.54135338345865,2,11,0
1,31,96312,95822,3.68421052631579,3,11,1
1,32,100001,99525,3.57894736842105,1,11,0
1,33,105044,104322,5.42857142857143,3,11,0
1,34,108321,107888,3.25563909774436,3,11,0
2,0,112724,112255,3.52631578947368,2,11,0
2,1,114913,114456,3.43609022556391,1,11,0
2,3,119926,119490,3.2781954887218,3,11,0
2,5,125733,125305,3.21804511278195,1,11,0
2,6,127964,127500,3.48872180451128,2,11,0
2,7,130225,129768,3.43609022556391,3,11,0
2,8,133107,132670,3.28571428571429,2,11,0
2,9,135374,134887,3.66165413533835,1,11,0
2,10,137556,137067,3.67669172932331,3,11,0
2,11,140259,139779,3.60902255639098,1,11,0
2,12,142755,142319,3.2781954887218,2,11,0
2,13,145033,144607,3.20300751879699,1,11,0
2,14,147272,146810,3.47368421052632,2,11,0
2,15,149417,148979,3.29323308270677,1,11,0
2,17,155713,155237,3.57894736842105,2,11,0
2,18,157914,157430,3.6390977443609,3,11,1
2,19,160929,160364,4.24812030075188,2,11,0
2,20,163190,162678,3.84962406015038,3,11,0
2,21,166038,165614,3.18796992481203,3,11,0
2,22,168215,167769,3.35338345864662,3,11,0
2,23,171864,171181,5.13533834586466,2,11,0
2,24,174096,173546,4.13533834586466,3,11,0
2,26,184995,184533,3.47368421052632,3,11,0
2,27,187588,187124,3.48872180451128,1,11,0
2,28,191111,190648,3.4812030075188,2,11,0
2,29,193534,193083,3.39097744360902,1,11,0
2,30,195741,195292,3.37593984962406,1,11,0
2,31,198261,197698,4.23308270676692,1,11,0
2,33,207869,207365,3.78947368421053,3,11,0
2,34,210016,209585,3.2406015037594,1,11,0
3,0,215086,214660,3.20300751879699,3,11,0
3,1,217215,216771,3.33834586466165,2,11,0
3,2,220238,219774,3.48872180451128,2,11,0
3,3,223393,222961,3.24812030075188,1,11,0
3,4,225670,225135,4.02255639097744,2,11,0
3,6,233428,232996,3.24812030075188,1,11,0
3,7,235566,235146,3.15789473684211,1,11,0
3,8,239424,238926,3.74436090225564,3,11,0
3,9,241747,241314,3.25563909774436,3,11,0
3,11,249361,248910,3.39097744360902,1,11,0
3,12,251539,251099,3.30827067669173,2,11,0
3,13,253762,253251,3.84210526315789,3,11,0
3,14,255988,255487,3.76691729323308,2,11,0
3,15,258867,258313,4.16541353383459,1,11,0
3,16,262850,262403,3.3609022556391,3,11,0
3,17,265122,264626,3.72932330827068,3,11,0
3,18,267415,266960,3.42105263157895,3,11,0
3,19,269605,269163,3.32330827067669,3,11,0
3,20,272066,271584,3.62406015037594,3,11,0
3,21,274371,273874,3.73684210526316,1,11,0
3,22,277236,276689,4.11278195488722,2,11,0
3,24,285335,284907,3.21804511278195,3,11,0
3,25,287480,287042,3.29323308270677,2,11,0
3,27,295470,295035,3.27067669172932,1,11,0
3,28,298030,297576,3.41353383458647,3,11,1
3,29,300460,300024,3.2781954887218,2,11,0
3,30,305436,304943,3.70676691729323,2,11,0
3,31,307673,307236,3.28571428571429,1,11,0
3,32,310460,310012,3.36842105263158,1,11,0
3,33,313205,312754,3.39097744360902,2,11,0
3,34,315579,315119,3.45864661654135,1,11,0
1,1,9556,8888,5.02255639097744,1,12,0
1,2,12054,11399,4.92481203007519,2,12,0
1,3,18751,18143,4.57142857142857,3,12,0
1,4,21618,21170,3.36842105263158,1,12,1
1,6,35901,35368,4.00751879699248,3,12,0
1,7,38090,37594,3.72932330827068,1,12,0
1,8,41056,40599,3.43609022556391,2,12,1
1,13,67513,66955,4.19548872180451,1,12,1
1,16,78998,78549,3.37593984962406,2,12,1
1,17,81277,80619,4.94736842105263,1,12,0
1,18,83401,82933,3.5187969924812,3,12,0
1,19,87022,86574,3.36842105263158,1,12,0
1,20,89456,88820,4.78195488721805,2,12,1
1,21,92606,92024,4.37593984962406,3,12,0
1,22,95035,94479,4.18045112781955,2,12,1
1,23,97449,97015,3.26315789473684,1,12,0
1,24,100516,99747,5.78195488721805,3,12,0
1,26,106512,106035,3.58646616541353,2,12,0
1,27,108922,108480,3.32330827067669,3,12,0
1,28,111528,111084,3.33834586466165,1,12,1
1,29,114664,114091,4.30827067669173,2,12,0
1,30,117149,116617,4,3,12,1
1,31,119659,119215,3.33834586466165,2,12,0
1,32,121799,121278,3.91729323308271,1,12,1
1,33,124262,123825,3.28571428571429,3,12,0
1,34,126756,126327,3.22556390977444,3,12,0
2,1,138771,138265,3.80451127819549,2,12,0
2,2,141108,140680,3.21804511278195,1,12,0
2,3,143681,143246,3.27067669172932,1,12,0
2,4,145946,145512,3.26315789473684,1,12,0
2,5,148673,148144,3.97744360902256,3,12,0
2,6,151327,150785,4.07518796992481,3,12,0
2,8,188873,188434,3.30075187969925,2,12,0
2,9,191448,190999,3.37593984962406,1,12,1
2,10,194581,194137,3.33834586466165,3,12,0
2,11,198317,197876,3.31578947368421,2,12,1
2,12,201027,200590,3.28571428571429,1,12,0
2,13,204753,204181,4.30075187969925,2,12,0
2,14,206970,206462,3.81954887218045,2,12,0
2,15,210518,209799,5.40601503759398,2,12,1
2,16,213362,212580,5.8796992481203,3,12,0
2,19,223668,223239,3.22556390977444,3,12,0
2,20,226329,225873,3.42857142857143,2,12,0
2,22,242172,241443,5.4812030075188,2,12,0
2,23,245162,244504,4.94736842105263,1,12,0
2,24,248200,247465,5.52631578947368,1,12,0
2,25,250554,250020,4.01503759398496,3,12,0
2,26,253268,252678,4.43609022556391,1,12,0
2,27,255718,254999,5.40601503759398,3,12,1
2,28,258262,257504,5.69924812030075,1,12,0
2,29,260728,260148,4.3609022556391,1,12,0
2,30,263772,263236,4.03007518796993,3,12,0
2,31,266910,266161,5.63157894736842,3,12,1
2,32,269329,268861,3.5187969924812,1,12,0
2,33,273065,272496,4.2781954887218,3,12,0
2,34,276556,275895,4.96992481203007,2,12,0
3,0,283865,283441,3.18796992481203,2,12,0
3,1,286163,285637,3.95488721804511,3,12,0
3,2,288469,287928,4.06766917293233,3,12,0
3,3,291845,291218,4.71428571428571,3,12,1
3,4,294517,294003,3.86466165413534,1,12,0
3,5,296706,296144,4.22556390977444,3,12,0
3,7,308685,308165,3.90977443609023,1,12,0
3,9,314088,313561,3.96240601503759,2,12,0
3,10,316982,316498,3.6390977443609,3,12,0
3,11,319854,319415,3.30075187969925,3,12,0
3,12,323546,322790,5.68421052631579,2,12,0
3,13,327971,327364,4.56390977443609,1,12,0
3,14,330460,330026,3.26315789473684,3,12,0
3,16,336299,335830,3.52631578947368,2,12,0
3,17,338465,338034,3.2406015037594,1,12,0
3,18,341434,340835,4.50375939849624,2,12,1
3,19,345005,344559,3.35338345864662,1,12,0
3,21,350514,349816,5.24812030075188,1,12,0
3,22,352999,352460,4.05263157894737,3,12,0
3,23,357085,356645,3.30827067669173,2,12,0
3,24,359502,358980,3.92481203007519,2,12,0
3,25,362880,362292,4.42105263157895,3,12,0
3,26,368155,367597,4.19548872180451,1,12,0
3,27,371095,370505,4.43609022556391,3,12,0
3,28,374647,373927,5.41353383458647,3,12,0
3,29,376900,376464,3.2781954887218,1,12,0
3,30,379232,378778,3.41353383458647,1,12,0
3,32,387855,387262,4.45864661654135,2,12,0
3,33,391406,390966,3.30827067669173,2,12,1
1,0,3066,2396,5.03759398496241,2,13,0
1,1,5524,4945,4.35338345864662,1,13,0
1,2,8450,7799,4.89473684210526,3,13,0
1,3,10854,10221,4.7593984962406,2,13,1
1,4,13603,12928,5.07518796992481,2,13,0
1,5,16147,15458,5.18045112781955,1,13,0
1,6,18436,17881,4.17293233082707,1,13,0
1,7,20843,20214,4.72932330827068,2,13,0
1,8,23228,22700,3.96992481203007,1,13,0
1,9,25580,25037,4.08270676691729,3,13,0
1,10,27801,27263,4.04511278195489,1,13,0
1,11,30477,29832,4.84962406015038,3,13,0
1,12,32602,32158,3.33834586466165,2,13,0
1,13,35122,34648,3.56390977443609,3,13,0
1,14,37387,36922,3.49624060150376,3,13,0
1,15,39628,39175,3.40601503759398,3,13,0
1,16,42009,41538,3.54135338345865,2,13,0
1,17,44288,43844,3.33834586466165,1,13,0
1,18,46535,46117,3.14285714285714,2,13,0
1,19,48611,48152,3.45112781954887,2,13,0
1,20,50749,50281,3.5187969924812,3,13,0
1,21,52963,52518,3.34586466165414,1,13,0
1,22,55174,54732,3.32330827067669,1,13,0
1,23,57285,56861,3.18796992481203,3,13,0
1,24,59785,59360,3.19548872180451,2,13,0
1,25,62003,61579,3.18796992481203,3,13,0
1,26,64439,64001,3.29323308270677,2,13,0
1,27,66653,66148,3.79699248120301,3,13,0
1,29,82981,82529,3.3984962406015,2,13,0
1,30,85127,84695,3.24812030075188,2,13,0
1,31,87344,86909,3.27067669172932,3,13,0
1,32,89665,89133,4,3,13,0
1,33,91801,91377,3.18796992481203,1,13,0
1,34,94074,93601,3.55639097744361,1,13,0
2,0,98341,97893,3.36842105263158,3,13,0
2,1,100511,100081,3.23308270676692,1,13,0
2,3,109641,109187,3.41353383458647,3,13,0
2,4,111783,111340,3.33082706766917,1,13,0
2,5,115142,114430,5.35338345864662,2,13,0
2,6,118162,117717,3.34586466165414,1,13,0
2,7,120637,120048,4.42857142857143,3,13,0
2,8,122738,122316,3.17293233082707,3,13,0
2,9,124840,124413,3.21052631578947,2,13,0
2,10,126931,126505,3.20300751879699,1,13,0
2,11,129124,128705,3.15037593984962,3,13,0
2,13,135036,134591,3.34586466165414,2,13,0
2,14,137184,136740,3.33834586466165,3,13,0
2,15,139302,138877,3.19548872180451,1,13,0
2,16,141364,140941,3.18045112781955,2,13,0
2,17,143465,143034,3.2406015037594,2,13,0
2,18,145987,145555,3.24812030075188,3,13,0
2,19,148188,147763,3.19548872180451,2,13,0
2,21,155112,154663,3.37593984962406,3,13,0
2,22,157383,156938,3.34586466165414,2,13,0
2,23,159565,159134,3.2406015037594,2,13,0
2,24,161790,161367,3.18045112781955,3,13,0
2,25,163924,163498,3.20300751879699,3,13,0
2,26,166046,165624,3.17293233082707,2,13,0
2,27,168285,167856,3.22556390977444,2,13,0
2,28,170417,169992,3.19548872180451,1,13,0
2,29,172593,172168,3.19548872180451,2,13,0
2,30,174716,174291,3.19548872180451,1,13,0
2,31,176836,176410,3.20300751879699,1,13,0
2,32,179011,178587,3.18796992481203,3,13,0
2,33,181169,180735,3.26315789473684,1,13,0
2,34,183278,182847,3.2406015037594,3,13,0
3,0,187908,187460,3.36842105263158,1,13,0
3,1,190081,189656,3.19548872180451,3,13,0
3,2,192114,191686,3.21804511278195,3,13,0
3,3,194589,194147,3.32330827067669,2,13,0
3,4,196761,196305,3.42857142857143,3,13,0
3,5,198997,198568,3.22556390977444,1,13,0
3,6,201104,200683,3.16541353383459,2,13,0
3,7,203370,202946,3.18796992481203,2,13,0
3,8,205588,205158,3.23308270676692,2,13,0
3,9,207765,207338,3.21052631578947,2,13,0
3,10,209913,209484,3.22556390977444,2,13,0
3,11,212187,211761,3.20300751879699,3,13,0
3,12,214322,213890,3.24812030075188,2,13,0
3,13,218958,218528,3.23308270676692,3,13,0
3,14,221162,220699,3.4812030075188,3,13,0
3,15,223304,222870,3.26315789473684,1,13,0
3,16,225504,225071,3.25563909774436,1,13,0
3,17,227690,227252,3.29323308270677,1,13,0
3,18,229815,229378,3.28571428571429,3,13,0
3,19,232004,231579,3.19548872180451,3,13,0
3,20,234156,233724,3.24812030075188,1,13,0
3,21,236220,235793,3.21052631578947,3,13,0
3,22,238391,237962,3.22556390977444,1,13,0
3,23,240545,240114,3.2406015037594,3,13,0
3,24,243376,242948,3.21804511278195,2,13,0
3,25,245604,245178,3.20300751879699,2,13,0
3,26,248511,248079,3.24812030075188,1,13,0
3,27,250573,250144,3.22556390977444,1,13,0
3,28,253146,252720,3.20300751879699,1,13,0
3,29,255228,254796,3.24812030075188,3,13,0
3,30,257450,257021,3.22556390977444,2,13,0
3,31,259639,259150,3.67669172932331,2,13,0
3,32,261714,261289,3.19548872180451,3,13,0
3,33,263951,263524,3.21052631578947,1,13,0
3,34,266131,265697,3.26315789473684,2,13,0
1,0,2365,1893,3.54887218045113,3,14,0
1,1,4528,4101,3.21052631578947,2,14,0
1,2,6739,6263,3.57894736842105,2,14,1
1,4,14452,14028,3.18796992481203,1,14,0
1,5,16817,16379,3.29323308270677,3,14,0
1,6,19297,18872,3.19548872180451,2,14,0
1,7,21526,21099,3.21052631578947,1,14,0
1,8,23603,23177,3.20300751879699,2,14,0
1,9,25743,25311,3.24812030075188,3,14,0
1,10,27882,27438,3.33834586466165,3,14,0
1,11,29989,29563,3.20300751879699,3,14,0
1,12,32460,32031,3.22556390977444,3,14,0
1,13,34712,34284,3.21804511278195,1,14,0
1,15,43030,42600,3.23308270676692,2,14,0
1,16,45132,44704,3.21804511278195,1,14,0
1,17,47240,46811,3.22556390977444,1,14,0
1,18,49362,48939,3.18045112781955,1,14,0
1,19,51787,51360,3.21052631578947,3,14,0
1,20,53931,53491,3.30827067669173,2,14,0
1,21,55963,55535,3.21804511278195,2,14,0
1,22,58088,57656,3.24812030075188,2,14,0
1,23,60644,59919,5.45112781954887,1,14,0
1,24,62797,62367,3.23308270676692,2,14,0
1,25,65241,64810,3.2406015037594,1,14,0
1,26,67567,67128,3.30075187969925,1,14,0
1,27,69768,69337,3.2406015037594,3,14,0
1,28,71942,71519,3.18045112781955,3,14,0
1,29,74229,73654,4.32330827067669,1,14,1
1,30,76857,76122,5.52631578947368,3,14,0
1,31,79714,78941,5.81203007518797,1,14,0
1,33,88949,88216,5.51127819548872,3,14,0
1,34,91171,90733,3.29323308270677,2,14,0
2,0,95360,94928,3.24812030075188,1,14,0
2,1,97658,97163,3.7218045112782,1,14,0
2,2,99873,99443,3.23308270676692,2,14,0
2,3,101902,101475,3.21052631578947,1,14,0
2,4,104469,104017,3.3984962406015,3,14,0
2,5,106530,106091,3.30075187969925,2,14,0
2,6,108590,108153,3.28571428571429,2,14,0
2,7,111436,111009,3.21052631578947,3,14,0
2,8,113534,113105,3.22556390977444,1,14,0
2,9,116010,115570,3.30827067669173,2,14,0
2,10,118183,117751,3.24812030075188,3,14,0
2,11,120307,119869,3.29323308270677,1,14,0
2,12,122542,122115,3.21052631578947,1,14,0
2,13,125086,124653,3.25563909774436,2,14,0
2,14,127207,126779,3.21804511278195,3,14,0
2,15,129286,128855,3.2406015037594,1,14,0
2,16,131475,131045,3.23308270676692,2,14,0
2,17,133883,133453,3.23308270676692,3,14,0
2,18,136382,135939,3.33082706766917,2,14,0
2,19,138795,138365,3.23308270676692,3,14,0
2,20,141406,140973,3.25563909774436,1,14,0
2,21,143540,143108,3.24812030075188,3,14,0
2,22,146019,145590,3.22556390977444,3,14,0
2,23,148617,148175,3.32330827067669,1,14,0
2,24,150736,150302,3.26315789473684,2,14,0
2,25,152808,152384,3.18796992481203,3,14,0
2,26,155030,154605,3.19548872180451,3,14,0
2,27,157330,156906,3.18796992481203,1,14,0
2,28,159601,159161,3.30827067669173,3,14,0
2,29,161705,161269,3.2781954887218,1,14,0
2,30,164068,163640,3.21804511278195,3,14,0
2,31,166775,166350,3.19548872180451,2,14,0
2,32,168870,168443,3.21052631578947,2,14,0
2,33,171035,170588,3.3609022556391,2,14,0
2,34,173205,172781,3.18796992481203,1,14,0
3,0,177632,177185,3.3609022556391,1,14,0
3,1,179769,179345,3.18796992481203,1,14,0
3,2,181939,181514,3.19548872180451,2,14,0
3,3,184285,183863,3.17293233082707,3,14,0
3,4,186749,186322,3.21052631578947,1,14,0
3,5,189185,188753,3.24812030075188,3,14,0
3,6,191681,191255,3.20300751879699,2,14,0
3,7,193793,193359,3.26315789473684,1,14,0
3,8,196114,195613,3.76691729323308,1,14,0
3,9,199833,199408,3.19548872180451,3,14,0
3,10,202341,201915,3.20300751879699,1,14,0
3,11,204500,204055,3.34586466165414,2,14,0
3,12,206609,206173,3.2781954887218,2,14,0
3,13,208908,208472,3.2781954887218,3,14,0
3,14,211096,210630,3.50375939849624,1,14,0
3,15,213431,212900,3.99248120300752,3,14,1
3,16,216098,215663,3.27067669172932,1,14,0
3,17,218471,218038,3.25563909774436,1,14,0
3,18,220664,220240,3.18796992481203,1,14,0
3,19,224479,224043,3.2781954887218,1,14,0
3,20,226843,226376,3.51127819548872,2,14,0
3,21,229126,228697,3.22556390977444,3,14,0
3,22,231270,230826,3.33834586466165,2,14,0
3,23,233876,233445,3.2406015037594,2,14,0
3,24,237402,236975,3.21052631578947,2,14,0
3,25,239519,239088,3.2406015037594,3,14,0
3,26,241756,241325,3.2406015037594,3,14,0
3,27,243922,243485,3.28571428571429,3,14,0
3,28,246388,245952,3.2781954887218,2,14,0
3,29,249237,248727,3.83458646616541,2,14,0
3,30,251422,250953,3.52631578947368,3,14,0
3,31,253579,253125,3.41353383458647,2,14,0
3,32,255760,255297,3.4812030075188,3,14,0
3,33,257954,257528,3.20300751879699,3,14,0
3,34,260106,259674,3.24812030075188,1,14,0
1,0,3062,2438,4.69172932330827,3,15,0
1,1,5504,4903,4.5187969924812,3,15,0
1,2,7903,7329,4.31578947368421,1,15,0
1,3,10352,9772,4.3609022556391,2,15,0
1,4,13672,12991,5.1203007518797,3,15,1
1,5,16082,15466,4.63157894736842,3,15,0
1,6,18439,17877,4.22556390977444,3,15,0
1,7,20820,20301,3.90225563909774,1,15,0
1,8,23192,22682,3.83458646616541,2,15,0
1,9,25444,24915,3.97744360902256,3,15,0
1,11,31995,31523,3.54887218045113,2,15,0
1,12,34503,33917,4.40601503759398,1,15,0
1,13,36763,36304,3.45112781954887,3,15,0
1,14,39131,38488,4.83458646616541,1,15,0
1,15,41576,41018,4.19548872180451,3,15,0
1,16,44006,43445,4.21804511278195,3,15,0
1,17,46399,45874,3.94736842105263,1,15,0
1,18,48506,48053,3.40601503759398,1,15,0
1,19,51691,51159,4,3,15,0
1,20,54011,53487,3.93984962406015,3,15,0
1,21,56283,55799,3.6390977443609,1,15,0
1,22,58618,58089,3.97744360902256,2,15,0
1,24,63996,63520,3.57894736842105,1,15,0
1,25,66271,65787,3.6390977443609,1,15,0
1,26,68586,68035,4.14285714285714,2,15,0
1,27,73501,73007,3.71428571428571,1,15,0
1,28,76385,75929,3.42857142857143,2,15,0
1,29,79434,78815,4.65413533834586,1,15,0
1,30,81785,81317,3.5187969924812,2,15,0
1,31,84276,83611,5,2,15,0
1,32,86574,86071,3.78195488721805,2,15,0
1,34,92127,91649,3.59398496240602,1,15,0
2,0,96533,95999,4.01503759398496,3,15,0
2,1,98924,98458,3.50375939849624,1,15,0
2,2,101297,100769,3.96992481203007,3,15,0
2,3,103657,103145,3.84962406015038,2,15,0
2,4,105912,105467,3.34586466165414,2,15,0
2,5,108223,107725,3.74436090225564,3,15,0
2,6,110488,109950,4.04511278195489,2,15,0
2,7,113019,112484,4.02255639097744,1,15,0
2,8,115713,115180,4.00751879699248,2,15,0
2,9,118124,117671,3.40601503759398,1,15,0
2,10,121230,120714,3.8796992481203,2,15,0
2,11,123477,123032,3.34586466165414,1,15,0
2,12,125837,125319,3.89473684210526,3,15,0
2,13,128175,127620,4.17293233082707,1,15,0
2,14,131098,130552,4.10526315789474,3,15,0
2,15,133552,133035,3.88721804511278,2,15,0
2,16,135957,135426,3.99248120300752,2,15,0
2,17,139613,139072,4.06766917293233,3,15,0
2,18,141870,141341,3.97744360902256,3,15,0
2,19,144261,143748,3.85714285714286,1,15,0
2,20,147308,146803,3.79699248120301,2,15,0
2,21,149648,149167,3.61654135338346,1,15,0
2,22,152023,151517,3.80451127819549,3,15,0
2,23,154340,153841,3.75187969924812,2,15,0
2,25,159784,159222,4.22556390977444,1,15,1
2,26,162140,161691,3.37593984962406,1,15,0
2,27,164422,163952,3.53383458646617,1,15,0
2,28,166736,166180,4.18045112781955,3,15,0
2,29,168954,168503,3.39097744360902,1,15,0
2,30,171267,170727,4.06015037593985,3,15,0
2,31,173534,173031,3.78195488721805,1,15,0
2,32,175810,175299,3.84210526315789,2,15,0
2,33,178156,177638,3.89473684210526,3,15,0
2,34,180917,180448,3.52631578947368,3,15,0
3,1,187895,187432,3.4812030075188,3,15,0
3,2,190097,189644,3.40601503759398,1,15,1
3,3,192522,192009,3.85714285714286,2,15,0
3,4,194710,194243,3.51127819548872,1,15,0
3,5,197298,196736,4.22556390977444,1,15,0
3,6,199880,199383,3.73684210526316,1,15,0
3,7,202163,201665,3.74436090225564,3,15,0
3,8,204760,204234,3.95488721804511,2,15,0
3,9,207116,206570,4.10526315789474,3,15,0
3,10,209360,208847,3.85714285714286,2,15,0
3,11,211837,211248,4.42857142857143,3,15,0
3,12,214180,213639,4.06766917293233,3,15,0
3,13,216588,216032,4.18045112781955,2,15,0
3,14,219180,218613,4.26315789473684,3,15,0
3,15,221599,221035,4.2406015037594,1,15,0
3,16,223950,223410,4.06015037593985,3,15,0
3,17,226190,225740,3.38345864661654,1,15,0
3,18,228544,228111,3.25563909774436,1,15,0
3,19,230952,230404,4.1203007518797,3,15,0
3,20,233978,233451,3.96240601503759,1,15,0
3,21,236273,235745,3.96992481203007,1,15,0
3,22,238621,238170,3.39097744360902,2,15,0
3,23,240983,240469,3.86466165413534,3,15,0
3,24,243322,242829,3.70676691729323,2,15,0
3,25,245704,245197,3.81203007518797,1,15,0
3,26,247974,247468,3.80451127819549,2,15,0
3,27,250200,249699,3.76691729323308,3,15,0
3,28,252638,252090,4.1203007518797,3,15,0
3,29,254878,254362,3.8796992481203,3,15,0
3,30,257668,257136,4,2,15,0
3,31,259936,259496,3.30827067669173,2,15,0
3,32,262195,261708,3.66165413533835,1,15,1
3,33,264570,264074,3.72932330827068,1,15,0
3,34,266818,266318,3.7593984962406,2,15,0
1,12,49271,48686,4.3984962406015,1,16,0
1,13,54011,53222,5.93233082706767,2,16,1
1,17,66584,65802,5.8796992481203,2,16,0
1,18,68995,68369,4.70676691729323,2,16,0
1,19,71312,70871,3.31578947368421,2,16,0
1,21,76191,75755,3.2781954887218,1,16,0
1,22,79969,79482,3.66165413533835,2,16,0
1,23,82122,81683,3.30075187969925,1,16,0
1,24,84242,83797,3.34586466165414,3,16,0
1,26,90257,89813,3.33834586466165,3,16,1
1,27,92823,92319,3.78947368421053,1,16,0
1,28,95083,94532,4.14285714285714,2,16,0
1,29,97861,97330,3.99248120300752,1,16,0
1,30,100729,100288,3.31578947368421,2,16,0
1,31,102917,102400,3.88721804511278,3,16,1
1,32,106058,105516,4.07518796992481,1,16,0
1,33,108809,108237,4.30075187969925,3,16,0
1,34,111135,110500,4.77443609022556,1,16,1
2,0,115384,114895,3.67669172932331,1,16,0
2,1,117800,117220,4.3609022556391,1,16,1
2,2,119961,119533,3.21804511278195,3,16,0
2,3,122687,122105,4.37593984962406,3,16,1
2,5,127836,127164,5.05263157894737,1,16,0
2,6,130001,129554,3.3609022556391,1,16,0
2,7,132380,131748,4.75187969924812,2,16,0
2,8,134578,134063,3.87218045112782,2,16,0
2,9,136926,136452,3.56390977443609,1,16,0
2,10,140509,139909,4.51127819548872,2,16,0
2,11,142818,142158,4.96240601503759,1,16,0
2,12,145018,144455,4.23308270676692,1,16,0
2,13,147445,147002,3.33082706766917,1,16,0
2,14,150454,149899,4.17293233082707,2,16,0
2,15,152756,152247,3.82706766917293,2,16,0
2,16,154980,154487,3.70676691729323,2,16,0
2,17,157782,157229,4.15789473684211,1,16,0
2,18,160951,160175,5.83458646616541,3,16,0
2,19,163180,162692,3.66917293233083,3,16,0
2,20,166828,166359,3.52631578947368,2,16,0
2,21,169597,169159,3.29323308270677,3,16,0
2,22,172122,171658,3.48872180451128,2,16,0
2,23,174336,173874,3.47368421052632,2,16,0
2,24,176792,176302,3.68421052631579,1,16,0
2,25,179560,179135,3.19548872180451,1,16,0
2,26,185235,184791,3.33834586466165,2,16,0
2,27,188233,187809,3.18796992481203,2,16,0
2,28,190413,189948,3.49624060150376,3,16,0
2,31,199169,198665,3.78947368421053,2,16,0
2,32,201343,200906,3.28571428571429,3,16,0
2,34,206496,206073,3.18045112781955,3,16,0
3,0,211090,210660,3.23308270676692,2,16,0
3,1,214537,214103,3.26315789473684,2,16,0
3,2,216738,216314,3.18796992481203,1,16,0
3,5,225427,225005,3.17293233082707,2,16,0
3,6,227660,227227,3.25563909774436,2,16,0
3,7,230213,229789,3.18796992481203,1,16,0
3,8,232886,232461,3.19548872180451,2,16,0
3,9,235577,235147,3.23308270676692,3,16,0
3,10,239656,239027,4.72932330827068,3,16,0
3,12,245371,244948,3.18045112781955,1,16,0
3,13,247849,247336,3.85714285714286,1,16,0
3,14,249960,249537,3.18045112781955,1,16,0
3,15,252316,251891,3.19548872180451,2,16,0
3,16,254527,253982,4.09774436090226,3,16,0
3,17,256711,256248,3.4812030075188,3,16,0
3,19,263133,262708,3.19548872180451,3,16,0
3,20,265304,264883,3.16541353383459,2,16,0
3,21,269295,268815,3.60902255639098,3,16,0
3,22,271745,271272,3.55639097744361,3,16,0
3,23,274081,273657,3.18796992481203,1,16,0
3,24,276313,275814,3.75187969924812,3,16,0
3,25,278604,278073,3.99248120300752,1,16,0
3,27,285450,284783,5.01503759398496,2,16,0
3,28,288302,287584,5.3984962406015,1,16,0
3,29,290761,290293,3.5187969924812,1,16,0
3,30,292880,292422,3.44360902255639,2,16,0
3,31,296276,295852,3.18796992481203,2,16,0
3,32,299577,299114,3.4812030075188,1,16,1
1,3,22726,22052,5.06766917293233,2,17,0
1,4,25850,25210,4.81203007518797,2,17,0
1,5,28489,27963,3.95488721804511,2,17,0
1,6,30740,30218,3.92481203007519,2,17,0
1,9,40746,40222,3.93984962406015,3,17,0
1,10,43120,42514,4.55639097744361,2,17,0
1,11,45732,45194,4.04511278195489,3,17,1
1,12,47940,47445,3.7218045112782,1,17,0
1,14,57083,56636,3.3609022556391,2,17,1
1,16,66171,65607,4.2406015037594,3,17,0
1,17,68581,68008,4.30827067669173,2,17,0
1,18,70826,70247,4.35338345864662,3,17,0
1,19,73060,72575,3.64661654135338,3,17,0
1,20,75386,74798,4.42105263157895,3,17,0
1,21,77636,77105,3.99248120300752,1,17,0
1,22,79777,79307,3.53383458646617,2,17,0
1,23,82062,81435,4.71428571428571,1,17,1
1,24,84191,83707,3.6390977443609,2,17,0
1,25,87032,86546,3.65413533834586,3,17,0
1,26,89258,88749,3.82706766917293,1,17,0
1,27,91491,91004,3.66165413533835,2,17,0
1,28,93887,93305,4.37593984962406,2,17,0
1,29,96078,95641,3.28571428571429,3,17,0
1,30,98281,97760,3.91729323308271,1,17,0
1,31,100424,99988,3.2781954887218,1,17,0
1,32,102561,102117,3.33834586466165,1,17,0
1,33,104762,104295,3.51127819548872,1,17,0
1,34,107020,106478,4.07518796992481,3,17,0
2,0,111389,110957,3.24812030075188,3,17,0
2,1,113567,113112,3.42105263157895,2,17,0
2,2,115810,115327,3.63157894736842,3,17,0
2,3,117953,117475,3.59398496240602,1,17,0
2,4,120106,119671,3.27067669172932,2,17,0
2,5,122385,121950,3.27067669172932,1,17,0
2,6,124728,124282,3.35338345864662,3,17,0
2,7,126800,126361,3.30075187969925,3,17,0
2,8,128884,128444,3.30827067669173,1,17,0
2,9,131175,130739,3.2781954887218,2,17,0
2,10,133308,132863,3.34586466165414,1,17,0
2,11,135524,135081,3.33082706766917,1,17,0
2,13,140303,139868,3.27067669172932,3,17,0
2,14,142624,142192,3.24812030075188,2,17,0
2,15,144872,144426,3.35338345864662,3,17,0
2,16,147020,146580,3.30827067669173,3,17,0
2,17,149192,148756,3.2781954887218,3,17,1
2,18,151255,150821,3.26315789473684,2,17,0
2,19,153459,153001,3.44360902255639,3,17,0
2,20,156496,156050,3.35338345864662,1,17,0
2,21,158665,158226,3.30075187969925,3,17,0
2,22,162723,162287,3.2781954887218,2,17,0
2,24,171665,171199,3.50375939849624,2,17,0
2,25,174348,173899,3.37593984962406,1,17,0
2,26,176608,176136,3.54887218045113,1,17,0
2,28,181385,180937,3.36842105263158,2,17,0
2,29,189851,189405,3.35338345864662,1,17,1
2,30,191991,191522,3.52631578947368,1,17,0
2,31,194140,193702,3.29323308270677,2,17,0
2,32,196312,195870,3.32330827067669,2,17,0
2,33,204454,203998,3.42857142857143,2,17,0
2,34,206695,206217,3.59398496240602,2,17,0
3,0,210878,210433,3.34586466165414,1,17,0
3,1,212939,212504,3.27067669172932,1,17,0
3,2,215168,214725,3.33082706766917,3,17,0
3,3,217437,216937,3.7593984962406,3,17,1
3,4,219594,219155,3.30075187969925,3,17,0
3,5,221779,221300,3.6015037593985,3,17,0
3,6,224803,224366,3.28571428571429,1,17,0
3,7,226891,226445,3.35338345864662,2,17,0
3,8,229639,229195,3.33834586466165,1,17,0
3,9,231757,231304,3.40601503759398,3,17,0
3,10,233822,233376,3.35338345864662,2,17,0
3,11,237623,237170,3.40601503759398,2,17,0
3,12,241688,241246,3.32330827067669,2,17,0
3,13,245040,244555,3.64661654135338,2,17,1
3,14,250839,250371,3.5187969924812,3,17,0
3,15,253033,252551,3.62406015037594,2,17,0
3,16,255913,255455,3.44360902255639,3,17,0
3,18,273306,272869,3.28571428571429,1,17,0
3,19,275554,275113,3.31578947368421,3,17,0
3,20,281818,281366,3.3984962406015,1,17,0
3,21,284031,283559,3.54887218045113,2,17,0
3,22,287995,287556,3.30075187969925,1,17,0
3,23,290537,290092,3.34586466165414,2,17,0
3,24,293739,293293,3.35338345864662,1,17,0
3,25,295816,295372,3.33834586466165,3,17,0
3,26,299405,298974,3.2406015037594,2,17,0
3,27,301680,301229,3.39097744360902,3,17,0
3,28,305782,305344,3.29323308270677,2,17,0
3,29,308476,308029,3.3609022556391,1,17,0
3,30,311453,311018,3.27067669172932,1,17,0
3,31,313683,313247,3.2781954887218,3,17,0
3,33,322758,322310,3.36842105263158,1,17,0
3,34,325344,324905,3.30075187969925,3,17,0
1,0,2857,2168,5.18045112781955,3,18,0
1,1,6585,5903,5.12781954887218,1,18,0
1,2,8878,8359,3.90225563909774,3,18,0
1,3,11073,10509,4.2406015037594,3,18,0
1,4,14900,14283,4.6390977443609,2,18,0
1,5,19171,18585,4.40601503759398,1,18,0
1,6,26304,25799,3.79699248120301,1,18,0
1,7,28958,28367,4.44360902255639,1,18,0
1,8,31052,30598,3.41353383458647,2,18,0
1,10,37727,37270,3.43609022556391,2,18,1
1,11,41185,40536,4.8796992481203,3,18,0
1,14,52755,52173,4.37593984962406,1,18,0
1,15,55766,55187,4.35338345864662,1,18,0
1,16,59081,58528,4.15789473684211,2,18,0
1,17,63639,63192,3.3609022556391,2,18,1
1,18,65926,65383,4.08270676691729,2,18,0
1,19,69169,68487,5.12781954887218,3,18,0
1,20,72026,71486,4.06015037593985,3,18,0
1,22,78241,77701,4.06015037593985,2,18,0
1,23,80612,80151,3.46616541353383,1,18,1
1,24,82948,82286,4.97744360902256,3,18,0
1,27,91320,90614,5.30827067669173,2,18,0
1,28,94022,93584,3.29323308270677,3,18,1
1,29,97455,96708,5.61654135338346,1,18,0
1,30,99622,99080,4.07518796992481,1,18,0
1,33,108614,108113,3.76691729323308,3,18,0
1,34,111291,110696,4.47368421052632,3,18,0
2,0,116437,115878,4.20300751879699,1,18,0
2,2,122370,121850,3.90977443609023,1,18,0
2,3,124797,124024,5.81203007518797,2,18,0
2,4,127277,126634,4.83458646616541,1,18,1
2,6,132371,131828,4.08270676691729,3,18,0
2,7,135380,134819,4.21804511278195,2,18,0
2,8,139414,138900,3.86466165413534,3,18,0
2,9,142524,141939,4.3984962406015,2,18,0
2,10,145121,144636,3.64661654135338,3,18,0
2,11,147255,146826,3.22556390977444,3,18,0
2,12,150566,149843,5.43609022556391,1,18,0
2,14,159447,158931,3.8796992481203,3,18,0
2,15,161739,161292,3.3609022556391,1,18,0
2,16,166290,165609,5.1203007518797,1,18,0
2,17,169029,168299,5.48872180451128,3,18,0
2,18,171474,170892,4.37593984962406,2,18,0
2,19,173781,173279,3.77443609022556,3,18,0
2,20,176658,176223,3.27067669172932,1,18,0
2,21,180312,179872,3.30827067669173,2,18,0
2,22,182862,182440,3.17293233082707,1,18,0
2,23,185164,184681,3.63157894736842,2,18,0
2,24,187406,186865,4.06766917293233,2,18,0
2,26,222741,222205,4.03007518796993,3,18,0
2,27,225061,224606,3.42105263157895,2,18,0
2,28,227872,227253,4.65413533834586,3,18,0
2,29,231430,230764,5.00751879699248,1,18,1
2,30,235258,234646,4.6015037593985,3,18,0
2,31,237720,237231,3.67669172932331,2,18,0
2,32,241705,241063,4.82706766917293,2,18,0
2,33,245942,245400,4.07518796992481,2,18,1
2,34,249905,249361,4.09022556390977,1,18,0
3,0,257018,256566,3.3984962406015,1,18,0
3,1,260009,259429,4.3609022556391,2,18,0
3,2,262614,262152,3.47368421052632,2,18,0
3,3,264894,264330,4.2406015037594,2,18,1
3,4,278974,278403,4.29323308270677,3,18,0
3,5,285776,285245,3.99248120300752,3,18,0
3,6,288779,288096,5.13533834586466,1,18,0
3,7,291488,291005,3.63157894736842,1,18,0
3,8,295283,294863,3.15789473684211,2,18,0
3,9,297504,297020,3.6390977443609,2,18,0
3,10,299565,299133,3.24812030075188,1,18,0
3,11,301813,301378,3.27067669172932,3,18,0
3,12,304856,304402,3.41353383458647,2,18,0
3,13,306909,306485,3.18796992481203,1,18,0
3,14,309113,308603,3.83458646616541,1,18,1
3,15,316201,315483,5.3984962406015,1,18,0
3,16,318542,318094,3.36842105263158,1,18,0
3,17,320703,320159,4.09022556390977,3,18,0
3,18,322838,322393,3.34586466165414,1,18,0
3,19,325492,325030,3.47368421052632,3,18,0
3,20,328084,327347,5.54135338345865,2,18,0
3,21,330466,330030,3.2781954887218,3,18,0
3,22,332881,332361,3.90977443609023,2,18,0
3,23,335220,334627,4.45864661654135,3,18,0
3,25,342555,342047,3.81954887218045,2,18,0
3,26,344803,344220,4.38345864661654,2,18,1
3,27,347128,346527,4.5187969924812,3,18,0
3,28,349280,348837,3.33082706766917,2,18,1
3,29,351517,350989,3.96992481203007,1,18,0
3,30,356265,355810,3.42105263157895,1,18,1
3,32,361252,360799,3.40601503759398,3,18,0
3,33,364020,363474,4.10526315789474,3,18,1
3,34,366560,366020,4.06015037593985,3,18,0
1,0,2929,2360,4.2781954887218,1,19,0
1,1,5117,4587,3.98496240601504,2,19,0
1,2,7408,6888,3.90977443609023,3,19,0
1,3,9905,9353,4.15037593984962,1,19,0
1,4,13208,12435,5.81203007518797,2,19,0
1,5,16235,15577,4.94736842105263,2,19,0
1,6,18866,18261,4.54887218045113,2,19,0
1,7,21092,20575,3.88721804511278,3,19,0
1,8,24400,23879,3.91729323308271,3,19,0
1,9,26983,26421,4.22556390977444,3,19,0
1,10,29400,28872,3.96992481203007,3,19,1
1,11,32100,31446,4.91729323308271,1,19,0
1,12,34498,33814,5.14285714285714,2,19,0
1,13,36926,36169,5.69172932330827,1,19,0
1,14,39252,38645,4.56390977443609,2,19,1
1,15,42057,41461,4.4812030075188,2,19,0
1,16,44688,44026,4.97744360902256,3,19,0
1,17,47479,46853,4.70676691729323,3,19,0
1,18,49720,49128,4.45112781954887,1,19,0
1,19,51916,51395,3.91729323308271,1,19,0
1,20,54322,53810,3.84962406015038,1,19,0
1,21,56635,56066,4.2781954887218,3,19,0
1,23,64783,64188,4.47368421052632,2,19,0
1,24,67693,67249,3.33834586466165,1,19,0
1,25,69886,69339,4.11278195488722,3,19,0
1,26,72100,71595,3.79699248120301,2,19,0
1,27,74306,73832,3.56390977443609,3,19,0
1,28,76622,76096,3.95488721804511,3,19,1
1,29,79072,78580,3.69924812030075,3,19,0
1,30,81371,80891,3.60902255639098,1,19,0
1,31,83491,83045,3.35338345864662,2,19,0
1,32,85700,85193,3.81203007518797,1,19,0
1,33,88610,88100,3.83458646616541,2,19,0
1,34,91080,90577,3.78195488721805,1,19,0
2,1,108682,108201,3.61654135338346,3,19,0
2,2,110929,110454,3.57142857142857,2,19,0
2,3,113255,112802,3.40601503759398,2,19,0
2,4,115380,114940,3.30827067669173,3,19,0
2,5,117978,117549,3.22556390977444,1,19,0
2,6,120376,119832,4.09022556390977,2,19,0
2,8,130372,129881,3.69172932330827,3,19,0
2,9,133352,132916,3.2781954887218,2,19,0
2,10,135601,135167,3.26315789473684,3,19,0
2,11,137842,137355,3.66165413533835,1,19,0
2,12,140617,140138,3.6015037593985,2,19,0
2,13,145906,145351,4.17293233082707,3,19,0
2,14,148412,147978,3.26315789473684,1,19,0
2,15,150554,150072,3.62406015037594,1,19,1
2,16,153476,152869,4.56390977443609,2,19,0
2,17,156858,156328,3.98496240601504,2,19,0
2,18,159573,159021,4.15037593984962,3,19,0
2,19,163466,162934,4,3,19,0
2,21,173016,172405,4.59398496240602,3,19,0
2,22,176842,176410,3.24812030075188,3,19,0
2,23,179046,178569,3.58646616541353,2,19,0
2,24,181278,180842,3.2781954887218,2,19,0
2,25,184422,183979,3.33082706766917,2,19,0
2,27,191932,191403,3.97744360902256,3,19,0
2,28,194139,193680,3.45112781954887,1,19,0
2,29,196436,195994,3.32330827067669,1,19,0
2,30,198743,198229,3.86466165413534,1,19,0
2,31,201022,200497,3.94736842105263,1,19,0
2,32,205625,205143,3.62406015037594,1,19,0
2,33,208287,207854,3.25563909774436,1,19,0
2,34,210380,209916,3.48872180451128,2,19,0
3,0,214822,214374,3.36842105263158,2,19,0
3,1,217105,216567,4.04511278195489,3,19,0
3,2,219338,218825,3.85714285714286,2,19,0
3,3,221474,220997,3.58646616541353,2,19,0
3,4,223891,223362,3.97744360902256,2,19,0
3,5,226364,225934,3.23308270676692,1,19,0
3,6,228633,228122,3.84210526315789,2,19,0
3,7,231175,230744,3.2406015037594,3,19,0
3,8,234850,234415,3.27067669172932,3,19,0
3,9,237449,237019,3.23308270676692,1,19,0
3,10,241261,240798,3.4812030075188,3,19,1
3,11,244704,244236,3.5187969924812,1,19,0
3,12,248545,247989,4.18045112781955,1,19,1
3,13,251281,250819,3.47368421052632,2,19,0
3,14,253516,253068,3.36842105263158,3,19,0
3,15,256268,255800,3.5187969924812,3,19,0
3,16,258670,258076,4.46616541353383,2,19,0
3,17,260907,260428,3.6015037593985,2,19,1
3,18,263158,262727,3.2406015037594,1,19,0
3,19,265465,265044,3.16541353383459,1,19,0
3,20,268319,267878,3.31578947368421,3,19,1
3,21,270834,270377,3.43609022556391,1,19,0
3,22,273509,273039,3.53383458646617,2,19,0
3,23,275580,275142,3.29323308270677,3,19,0
3,24,278028,277491,4.03759398496241,1,19,0
3,25,282008,281461,4.11278195488722,1,19,0
3,26,284581,284141,3.30827067669173,2,19,0
3,27,286854,286235,4.65413533834586,3,19,0
3,28,289176,288533,4.83458646616541,1,19,0
3,29,291954,291378,4.33082706766917,3,19,0
3,30,295167,294738,3.22556390977444,3,19,0
3,32,303269,302804,3.49624060150376,1,19,0
3,33,306388,305947,3.31578947368421,2,19,0
3,34,311035,310474,4.21804511278195,3,19,0
1,0,4415,3852,4.23308270676692,2,20,0
1,1,7256,6660,4.4812030075188,2,20,0
1,2,9977,9290,5.16541353383459,3,20,0
1,3,12446,11839,4.56390977443609,1,20,0
1,4,15316,14525,5.94736842105263,2,20,0
1,5,17982,17195,5.91729323308271,2,20,0
1,7,23132,22495,4.78947368421053,1,20,0
1,8,25647,24971,5.08270676691729,3,20,0
1,9,28206,27524,5.12781954887218,2,20,0
1,10,30660,30105,4.17293233082707,1,20,0
1,11,33048,32414,4.76691729323308,1,20,0
1,12,35566,34855,5.34586466165414,2,20,1
1,13,38199,37445,5.66917293233083,1,20,0
1,14,40529,40046,3.63157894736842,3,20,0
1,15,42879,42389,3.68421052631579,2,20,0
1,16,45426,44821,4.54887218045113,1,20,0
1,17,47752,47100,4.90225563909774,3,20,0
1,18,50590,49925,5,2,20,0
1,22,62298,61788,3.83458646616541,3,20,0
1,24,67433,66854,4.35338345864662,3,20,0
1,26,72978,72473,3.79699248120301,2,20,0
1,27,75201,74682,3.90225563909774,1,20,0
1,28,77988,77493,3.7218045112782,3,20,0
1,29,80483,79831,4.90225563909774,1,20,0
1,30,83209,82537,5.05263157894737,3,20,0
1,31,85966,85306,4.96240601503759,1,20,0
1,32,88306,87743,4.23308270676692,2,20,0
1,33,91147,90520,4.71428571428571,2,20,0
1,34,93561,92952,4.57894736842105,3,20,0
2,0,103674,103040,4.76691729323308,2,20,0
2,1,106205,105540,5,2,20,0
2,3,111407,110712,5.22556390977444,1,20,0
2,4,113832,113191,4.81954887218045,3,20,1
2,5,116666,116019,4.86466165413534,3,20,0
2,6,119006,118374,4.75187969924812,1,20,0
2,7,121285,120758,3.96240601503759,2,20,0
2,8,123748,123139,4.57894736842105,2,20,0
2,9,126140,125562,4.34586466165414,3,20,0
2,10,128551,127945,4.55639097744361,3,20,0
2,11,131027,130403,4.69172932330827,1,20,0
2,12,133342,132814,3.96992481203007,1,20,0
2,13,136397,135739,4.94736842105263,1,20,0
2,15,141307,140687,4.66165413533835,2,20,1
2,16,143760,143192,4.27067669172932,2,20,0
2,18,148924,148213,5.34586466165414,2,20,0
2,19,151457,150791,5.00751879699248,2,20,0
2,20,153828,153295,4.00751879699248,1,20,0
2,21,156390,155686,5.29323308270677,3,20,0
2,23,161422,160851,4.29323308270677,3,20,0
2,24,163795,163270,3.94736842105263,1,20,0
2,25,166231,165657,4.31578947368421,1,20,0
2,26,168561,168051,3.83458646616541,3,20,0
2,27,170873,170386,3.66165413533835,3,20,0
2,28,173739,173229,3.83458646616541,3,20,0
2,29,176105,175617,3.66917293233083,3,20,0
2,30,179502,178953,4.12781954887218,1,20,0
2,31,182930,182339,4.44360902255639,2,20,0
2,32,185839,185142,5.2406015037594,2,20,0
2,33,188065,187592,3.55639097744361,1,20,0
2,34,190475,189912,4.23308270676692,1,20,0
3,0,196290,195819,3.54135338345865,1,20,0
3,1,198567,198035,4,3,20,0
3,2,200892,200331,4.21804511278195,1,20,0
3,3,203524,203056,3.5187969924812,3,20,0
3,4,205890,205316,4.31578947368421,1,20,0
3,5,208127,207659,3.5187969924812,2,20,0
3,6,210427,209983,3.33834586466165,3,20,0
3,7,212646,212213,3.25563909774436,2,20,0
3,8,214780,214344,3.2781954887218,2,20,0
3,9,217729,217275,3.41353383458647,1,20,0
3,10,220181,219687,3.71428571428571,2,20,0
3,11,222533,222040,3.70676691729323,2,20,0
3,12,225285,224713,4.30075187969925,2,20,0
3,13,227705,227210,3.7218045112782,1,20,1
3,14,230151,229663,3.66917293233083,1,20,0
3,15,233246,232807,3.30075187969925,1,20,0
3,16,235577,234977,4.51127819548872,3,20,0
3,17,238732,238188,4.09022556390977,1,20,0
3,18,241126,240477,4.8796992481203,3,20,0
3,19,243216,242788,3.21804511278195,1,20,0
3,20,245387,244888,3.75187969924812,3,20,0
3,21,247693,247160,4.00751879699248,2,20,0
3,22,250024,249435,4.42857142857143,2,20,0
3,23,252234,251785,3.37593984962406,3,20,0
3,24,254468,254021,3.3609022556391,3,20,0
3,25,256544,256108,3.2781954887218,3,20,0
3,26,258692,258266,3.20300751879699,2,20,0
3,27,261163,260522,4.81954887218045,2,20,0
3,28,263414,262898,3.8796992481203,1,20,0
3,29,265967,265475,3.69924812030075,3,20,0
3,30,268296,267760,4.03007518796993,2,20,0
3,31,270447,269945,3.77443609022556,2,20,0
3,32,272787,272320,3.51127819548872,1,20,0
3,33,275101,274590,3.84210526315789,1,20,0
3,34,277675,277170,3.79699248120301,3,20,0
